제목,내용,게시자,게시날짜
✔️ 잼있어요 쿵쿵따리 쿵쿵야 팝업에서 굿즈 사오기/내돈내산/솔직후기/솔직리뷰/잠실/쿵야팝업...,내돈내산임 #내돈내산 #솔직리뷰 #이웃 #소통 #공감 #서이추 #서이추환영 #서로이웃 #서로이웃환영 #추천 #리뷰 #이웃추가 #후기 #솔직후기 #덕후 #쿵야 #양파쿵야 #맑눈광 #잠실 #잠실팝업 #팝업 #서울팝업 #주먹밥쿵야 #쿵야굿즈 #랜덤피규어 #랜덤 #가챠 #잠실쿵야팝업...,못참긴해,1일 전
너무x100 바쁜 7월,이번에 노랑노랑이ㅋㅋㅋㅋ #맑눈광 케이크 이런건 또 어디서 들고 왔는지ㅋㅋㅋㅋ 서나라랑 기분좋게 재밌게 잘 놀고 집에 오는데 음주단속하더라 처음으로 해본 음주단속ㅋㅋ 계속 후~~ 불라는데 호흡이 딸려서 힘들었당ㅋㅋㅋ 새로운 경험 +1 아주 좋아연ㅎㅎ 기분 좋게...,노는게 제일 좋아 ⁚D,1일 전
https://m.blog.naver.com/rlaekwjd0408/223274774128,그리고 카페에서 떠들면서 사진 또 찍기 ㅋㅋㅋㅋㅋㅋ평범하게 찍어주고 까불이 샷 확대 샷 숨은 김다정 ㅋㅋㅋㅋㅋㅋㅋㅋㅋㅋ 맑눈광도 해주고 바나나케잌 위에 있던ㅋㅋㅋㅋㅋㅋㅋ 풀로 장난 좀 쳐주고 아빈이도 시키기 ㅎㅎ...,다정한 다정씨ෆ⸒⸒,1일 전
제목없음!,갑자기 저한테서 맑눈광이 느껴진대요! 요즘 생태로 살아가는중 ㅎ 그리고는 잠금화면도 바꿔주심 연습실 문을 똑똑하더니 귤하나 주고 사라지는 채현이 잘 먹었오~~~ 최연우 스윗걸~ 유채현 계속 이상한 거 가져와서 냅다 씌움 ㅠ 그치만 해달라면 다 해드려요 ㅎ 범계...,:(:,1일 전
잠실 롯데월드몰 쿵야팝업 소원상점 오픈런 해서 소원 빌고 왔어요,"초말랑한 봉제 포카홀더 좋아하는 멤버가 맑눈광이다, 주먹밥을 닮았다 하면 사아죠! 바로 사야 됩니다. 주쿵이 양쿵이 포카홀더... 주위에 있는 맑눈광인들에게 선물로 주면 좋겠죠? 초재미있는 쏘옥 키링 발매하자마자 구입한 쏘옥 키링 인데요, 저 주쿵이 양쿵이가...",락츄의 즐거운 생활로직,1일 전
이렇게 빨리 가지마 연말,ㅇ-<-< 보는 여러분들 속 안좋아도 어쩔 구 어뵤음 이건 그냥 나 반전 거울 사고 나서 오른쪽 왼쪽 사짐 만ㄹ이 찍게 됌 여기도 맛있음 서경중 교생쌤들하구 만났당 헤헤 언제나 귀엽지만 어딘가 지쳐보이는 주은이와 이 어쩐지 광을 잃은 일하는 쿵야 보성쌤.. 여전히...,☺︎︎ ☀︎︎,1일 전
내 동생들,이빨 하나 빠졌다 바보둘째 하리보 찍는중인데 갑자기 둘째 난입 맑눈광 텁--- 바로 뺏고 내가 먹기ㅋ 슬슬 진짜 이빨 빠지려구 하는중이라 이빨 넘 못생김ㅋㅋㅋㅋㅋㅋㅋㅋㅋㅋㅋㅋㅋㅋㅋㅋㅋㅋ 그냥 투컷 발 왜 그러고 있슈? 쥐 오겠슈 이빨 다 났다 이제 둘째는 엉아다 계속...,이것저것,1일 전
독감 전역 퇴사,부점장님이거덩요~ 맑눈광 재현 귀여운 나 조명 두르고 인간 크리스마스트리가 된 유재현과 귀여운 혜성이와 아기와 귀여운 나 재현이가 조금 맑눈광 같지만 정말 착한 아이에요… 나름… 한동안 재현이에 대한 분석을 좀 해봤는데 재현이는 정말 귀엽슴다 군 적금을...,Come on,1일 전
레슨 인 케미스트리 1,"엘리사베스 조트는 눈부신 미모에 천재적인 두뇌까지 갖추고 당당하게 부조리한 사회에 맞서며 소신을 밝히는 요즘 말로 일명 '맑눈광'인 다소 4차원적이 여자이다. 거역하고 부정하면 죄가 될 것들을, 털어놓지 못하는 속앓이를 하는 여자의 목소리를 내어 주었다. 모성을...",Present is present !!,1일 전
2023.11.19 ~ 2023.11.25,"맑눈광.. 귀요미들 과 사진 찍고 소망 적는 곳이 있길래 나의 소망을 적었다 ""연봉아 올라라"" 다음은 본 스테이지인 아쿠아리움 되시겠습니다 입구 쪽에서 만난 물고기 그리고 잠자는 참물범 귀여운 펭귄! 수영하는거 찍고 싶었는데 얘네들도 수영을 아주 잘해서...못 찍었다...",으녕's_story,1일 전
롯데월드타워 2023 크리스마스마켓 & 잠실쿵야팝업스토어 굿즈 등등,맑눈광 잠옷하며.. 마네킹까지 ㅋㅋㅋㅋㅋㅋㅋㅋㅋ 눈을 왜 그렇게 떠요... 제일 탐났던것 쿵야 맑은눈의 슬리퍼 ㅋㅋㅋㅋㅋㅋ 눈만... ㅋㅋ 맑눈광 어프어프 폰케이스 거대조형물 양파쿵야 잘린 양파 들고있는데 저거 자기 친구 자른거 아니여...? ㅠㅠ 양파가 왜...,두런두런 스쿠비듀,1일 전
2023.11.16 목요일의 유지니,2023년11월16일목요일 오늘도 유지니는 지게차를 배우러 갑니다 얏호르~~~~~~ 맑눈광.. 필기 붙어서 공부 1도 안하고 말도 1도 안듣는 중~~~ 에베베베베ㅔ 점심은 와구와구 골키에 유부초밥에 돈시몬 ! 아주 맛있겠죠????? 히히 엄마가 유부를 아주 쪽 짜서 골키랑 먹기 좋아버렸어...,먹기만 하는 유지니,1일 전
내 인생 다시 없을 2주간의 일본 여행(2),준섭이형은 술만 마시면 진짜 맑눈광 ㅋㅋㅋㅋ 음... 먹고나서 보니 조금은 어지러웠던 금액 ㅋㅋㅋ 그래도 술 무제한에 스키야끼도 맛있었으니까! 저 가격 주고도 다음에 다시 오고싶은... 2023.02.19 유니버셜 스튜디오 Day 9 오늘은 정말 학교 일정이 단 하나도 없는 온전한...,중현,1일 전
맑눈광 김아영 보습크림 김정문알로에 큐어크림 2X 가성비 좋은 환절기 멀티밤,맑눈광 김아영 보습크림 김정문알로에 큐어크림 2X 가성비 좋은 환절기 멀티밤 안녕하세요 졔졔입니당 :) TV를 보다가 발견한 화장품 모델이 된 맑눈광 김아영배우! 원래부터 피부가 참 좋았어서 유튜브 채널 구독하면서도 피부관리법 구경했는데 SNL크루부터 이렇게...,❤️경험부자 졔졔의 갓생기록❤️ 뷰티/여행/운동,1일 전
크리스마스 한 달전이야,너무 잘 봤다 그니까 돈 내놔 아 귀여버 맑눈광 뭔가 위험한 구도처럼 나옴 그 동안 먹은 치킨… 근데 이제 ㄹㅇ 야할 때라 다이어트보단.. 양 줄일게요 #치킨과이별#근데이별하려면이별여행해야지#한번더만나자 첨 만져봄 스팀에서 브이로이드로 버츄얼만들고...,가슴이 시키는 대로 삽니다,1일 전
230828~0903,걔네 젖을까봐 그건 쫌 마니 걱정됐음 부산아 안뇽 잘있어 ㅠㅡㅠ 언젠간 이사올게 나는 슬픈+지친 표정인데 민주는 맑눈광처럼 쳐다보는거 왤케 웃기지 ㅋㅋㅋㅋㅋㅋㅋㅋㅋ 나만 집가기싫어보임 ㅜㅜ 다행히 서울역에서 노숙안하고 집에 잘 들어갔답니다 부산에서 서울...,나의 스물하나,1일 전
20231108/1122 난쟁이들 자첫자둘 후기,서동진은 저번 시즌도 신데렐라였는데 너무 잘 어울리는 맑눈광이었고. 이 사람이 난쟁이들에??? 했던 또 다른 사람이 남민우인데 진짜 난쟁이로 등장했을 때부터 너무 웃겼다ㅠㅠㅠㅠ 어떻게 이 위아래가 동일 인물이죠? (좋다는 뜻임) 믿나에서 봤을 때 진짜 무서웠는데...,Seo,1일 전
"요즘 덕질 총집본, 조금길수도..","엄청 부잣집에서 부모의 정을 못받고 자란 딱한 아이 같아요 맑눈광같은 남주를 보면서 ""나.. 이렇게 행복해도 되는 거야..?"" 같은 대사를 치면서 눈물을 흘릴 거 같은.. 아님말고요 ㅎ 나랑 도망치는거야...쥴리.. 키스시떼,, 역하나요? ^^ 다음은 マルサン マルガチャ...",블랙홀마우스,1일 전
"정유미, 탕웨이와 뜨거운 포옹..여우주연상에 ""너무 영광스럽다""",없는 공포에 맞닥뜨린 모습으로 관객을 이야기 속으로 끌어들였고 할 수 있는 모든 방법을 찾아 공포의 비밀과 정면으로 맞서는 광기의 모습까지. '윰블리'가 아닌 '맑눈광(맑은 눈의 광인)' 정유미로 반전 매력을 관객에게 선사했다. 고재완 기자 ******@************.***,힐링캠프,1일 전
"정유미, 탕웨이와 뜨거운 포옹..여우주연상에 ""너무 영광스럽다""",없는 공포에 맞닥뜨린 모습으로 관객을 이야기 속으로 끌어들였고 할 수 있는 모든 방법을 찾아 공포의 비밀과 정면으로 맞서는 광기의 모습까지. '윰블리'가 아닌 '맑눈광(맑은 눈의 광인)' 정유미로 반전 매력을 관객에게 선사했다. 고재완 기자 ******@************.***,"베스트랭킹 Korea - 순위,랭킹,Accommodation,Restaurant,Trip",1일 전
고양이도 아닌데 내내 골골 거렸던 일상,보는데 맑눈광 너무 무서워 연기는 잘하는데 저 맑눈광의 눈빛이 때론 무섭다 사이코패스 연기만 몇번 해서 그런가 ㅋㅋ 목요일 ㄷㅇ댈님과 ㅁㄱ 댈님이 사주신 햄버거 오랜만에 핫 크리스피 버거를 먹으니 좀 매콤하더라 요즘에는 확실히 매운 걸 덜 먹어서 그런지 전에는...,E la vita,1일 전
노빠꾸 직진 연하남 알비,넌 크지마 뒤에 맑눈광이 젤다-맥그로우 사이에서 태어난 애임 ㅡㅡ 심즈 어린이는 진짜 귀여운데... 쫌만 크면 저모냥 되는게 너무 하 !!!!!!!!!!!!!!! 우리 아들도 피해갈 수 없었다. 처키가 된 아들 당장 ㅜ 외형 ㅠ 고쳐 ㅠ 나쁘지 않음 청소년감자이긴 하지만 좀 더 크면...,웃어라 세상이 너와 함께 웃어줄 것이야,1일 전
개추워크레용,"신조어처돌이^_^ 맑눈광 댕이랑 카페갈려구 만났는데 급 덕수궁 ㅎ @덕수궁카페사랑 콩꼬물 ㅎ,,❤️맛나다 얼죽아단 하차 하구 유자차,, 덕수궁 굿즈 파는곳 구경하구 마지막일거같은 단풍도 실컷구경 비공개 릴스 찍구 춍춍 걸어서 석조전가는길 유럽여행오 ㅐ가 쟈철타구...",나아가는 시간,1일 전
11월 둘째 주,달라고 맑눈광처럼 말한 1인 윤동주기념관 가고 싶은데 여기는 예약을 한 사람만 평일 1시 30분마다 들어갈 수 있음 요즘 너무 시간도 없고.. 간다고 해도 시간을 쪼개쪼개쪼개서 가는 거일 거고.. 서울 한 번 갔다가 오면 굉장히 피곤할 건데.. 내 건강 내 몸 우짬 기말 치기...,연(緣)과 정(姃)의 블로그,1일 전
니니아 mk23 출격,ㅋㅋ 암튼 웃겻다에요 Previous image Next image 맑눈광 느낌나는 헉니아 ㅋㅋ Previous image Next image 고민 끝에 바꾼 옷도... 나 뭐 달라진 거 없어?2 눈 색 진하기 보정하니깐 보기도 좋고 예전에 멍청하고 맑눈광 이미지가 다 담겨서 좋다에요 ㅋㅋ 꿀벌...,니대나무숲,1일 전
"2023 ,",작년 글을 지워버리고 새로 시작하는 블로그 이것도 지울 수 있지만 ^^ 나중에 블로그를 지우는 이유는 나는 내가 쓴 글을 보는 게 민망하기 때문입니다 이렇게 블로그를 적는 이유는 다른 블로그 주인장님 글을 읽는 게 너무 재밌어서 손민수 겸 수업 중 다른 친구들 발표할...,"c , et",1일 전
[11/24] 세키로 천재의 모험은 계속 된다,러스트의 맑눈광 표정을 하셨어요 그런데 리제님 표정은...청ㅂ..... 맑는광 표정을 하자 시로님이 그녀가 맑는광 표정을 하지 않는... 히나님의 맑눈광 표정인건 비밀~ 그리고 휴방일정이 변경된걸 공지하셨어요 원래 녹음실 일정에서 28일로 변경 했다고해요 또 뒷세키로를...,스텔라이브,1일 전
잠실 롯데월드몰 쿵야 팝업 정보,중앙에 대형 인형이 위치하고 있어요 맑눈광 캐릭터로 다시금 유명해지게 된 양파 쿵야!! 다들 알고 계실지 모르겠지만 원래 야채부락리라는 게임으로 많이들 접해보신 캐릭터이실거에요 옆에 있으니 정말 크구나 너 제가 갔을 때에는 대형 인형과 사진 촬영을 하는 줄이...,꼬망고의 세계 지도,1일 전
임테기 두 줄이면 쌍둥이 맞지? INTP는 원래 임신이 잘 되나? 내가 INTP인데...,（ ¯꒳¯̥̥ ）쩝 천사 구역 이 둘의 조합이 너무 웃겨요ㅜㅠㅜ 진심 맑눈광과 유리멘탈의 만남임 ㅜㅠㅠㅠㅜ 이런 표정으로 마라탕 소스 조합 얘기하고 있는 고냥 웅니들 상상 여전한 새우탕 러버 떡볶이 호빵 노맛 완전 비추 삼립이라 더욱 비추 우우 조아써 카드깡...,ʚ 천사 미소녀 수집범 ɞ,1일 전
[서울 팝업스토어] '쿵야 레스토랑즈' 잠실 롯데월드몰 소원상점 팝업스토어 굿즈 가격,"시 맑눈광 풍선 증정 (1일 500개 한정) ☑️ 5만원 이상 구매 시 포스터 증정 (1일 100개 한정) ☑️10만원 이상 구매 시 극세사 클리너... 엽서는 장당 2,000원 과자랑 컵세트도 팔아여 그나마 효율적인걸 따지면 요 컵세트가 제일 나을거 같네용 양파쿵야랑 큐티뽀짝...",먹기위해 운동하는 요자,1일 전
[서울데이트] 맑눈광 대표 양파쿵야 잠실 롯데월드몰 쿵야 레스토랑즈 소원상점,원조 맑눈광이 저멀리 보이는데 그냥 지나칠 수 없는 눈빛이었어요. 그래서 다녀왔는데요ㅎㅎ 11월 17일부터 11월 26일(일)까지 라는데... 마네킹마저 맑눈광..⭐️ 되겠냐 키링인데 문구 잘못 본줄 알았는데 제대로 본거였어요.. 멘트 정말.. 싸늘 그잡채 은근 다양한 종류를...,조와정❤️,1일 전
"잠실 롯데월드몰 쿵야 팝업, 소원상점 주말 오픈런 후기",무지무지 귀엽다 두 번째 사진처럼 순간적으로 조명이 바뀌는 때가 있는데 그때 찍으면 좀 더 맑눈광처럼 찍을 수 있다ㅋㅋ 프박도... 무서운 맑눈광 슬리퍼 소원 붙이는 곳이 있길래 야무지게 쓰고 붙이고 왔다 떼돈벌게 해주세요 다른 사람이 붙인거 구경하는 재미도 있다...,밍칩의 달콤한일상,1일 전
겨울 로맨스 영화 추천 30일 (Love Reset) 강하늘 정소민 실물 리뷰 명대사 시사회 후기,유명하시고 영화 “스물” 같이 찌질한 캐릭터를 정말 얄밉게 소화 잘 하는 배우님 정소민 배우님 은은한 광기 맑눈광 연기가 돋보이네요 조연 분들의 연기력 모두 ☑️조민수 배우님 배역 웃음이 빵빵 터지는 부분 킬포는 여기 다 있다!! 명대사 하나 더 있는데...,zero.zip,1일 전
2023년 마지막 디트리 일상모음 zip,"급추워져서 맑눈광됨 대체 왜 파닥거리고 있는거지 그래도 완전히 해 지고 나니까 뭔가 느낌적인 느낌있는 시골길 광교카페거리에 있는 지브리재질 카페, ymmd 뭔가 딱 진짜 전체적으로 지브리 감성 철철 감사하게도 교수님 덕분에 할 수 있었던 학회 발표 개인적으로 울...",디트리의 패션을 가지고 놀다,1일 전
오늘의 특 맑눈광 시원한 점안액 눈 피로 완화 황반 변성 눈 영양제 마사지 아이케어 3개 13ml 구경하세요,No.1 시원한 점안액 눈 피로 완화 황반 변성 눈 영양제 마사지 아이케어 3개 13ml 빠른 선택으로 내일 까지 도착 19.800원 평점 4.5점 및 후기 = [ 49 ] ▼▼▼구매링크(댓글)▼▼▼,쇼핑스타마트,1일 전
롯데백화점 광복점 포켓몬스터 팝업스토어 조카 크리스마스 선물 준비,"보니 맑눈광 느낌이 나는건 왜일까 전국 롯데백화점 중 단 두 곳에서만 진행하는 포켓몬스터 팝업스토어 부산 광복, 서울 명동에서 동시 진행중에 있다 너무 귀여워서 자신찍고싶었지만 사람이 너무 많아서 엄두가 안났던 주말, 뒷모습만 하염없이 바라보다 떠났는데...",《뚜뚜나라》,1일 전
겨울 맞이 일기,좀 맑눈광이네 캐릭터 설명에는 따로 없지만 분명 마법 고양이일 것 같은 느낌 아무래도 마법 고양이 맞는듯 무채색 그림에 유일한 색감인 빨간 목도리 이거 완전 겨울 감성☃️ 팝업 스토에서만 판매 중인 담요 다람쥐 귀여워️ 이제 저 손 위에 도토리 올려놓는 건가 이...,Hibernation,1일 전
모두 각자의 방식으로 언어를 번역한다 | 번역 : 황석희,종종 저런 사람들을 만나서 맑눈광이 됐나.. 취존이 어렵나? 이런 글에 가장 불필요한 것은 '왜 이런 걸 재미없다고 하는지 모르겠다'라는 예광탄을 기점으로 발사되는 자기애적이고 현학적인 해설이다. '왜 이런 걸 재밌다고 하는지 모르겠다'로 시작되는 반대 입장의 글도...,Cherish the moments,1일 전
44th청룡] 이병헌·정유미 男女주연상 수상..'섬뜩한 광기''맑눈광' 반전 통했다,44th청룡] 이병헌·정유미 男女주연상 수상..'섬뜩한 광기''맑눈광' 반전 통했다 고재완 입력 2023. 11. 24. 22:46 이미지 크게 보기... '윰블리'가 아닌 '맑눈광(맑은 눈의 광인)' 정유미로 반전 매력을 관객에게 선사했다. 고재완 기자 star77@ sportschosun.com 스포츠조선. https://v....,"뉴스넘어 정보(경제,교육뉴스 )",1일 전
잠실 롯데몰 크리스마스 트리 아쿠아리움 데이트 + 쿵야 팝업,맑눈광 ㅋㅋㅋㅋㅋㅋㅋㅋㅋㅋ 평일에 갔더니 사진 찍는 사람도 없어서 줄도 안 서고 아주 편하게 사진 찍고 왔어요 #잠실롯데몰 쿵야 팝업스토어에 오시면 이런 귀염뽀짝한 쿵야 굿즈들을 만나보실 수 있습니다. 26일까지니 주말에 달려 달려~~~~ 쿵야로 꾸민 데스크테리어...,어서오시지유,2일 전
말라파스쿠아 & 반타얀 ㄱㅈㅇ~!!,23년의 마지막은 짠내투어 시즌6로 마무리해볼까 함다 이번 여행은 말라파스쿠아 & 반타얀으로 정햇슴다 말라파스쿠아를 가는 가장 큰 목적은 바로~~ 이녀석을 보기 위해서죵 맑눈광인게 아주 귀엽슴다 ㅎㅎ 참치 아니구연 환도상어 되겟슴다 매우 멋잇겟슴다 꼬리가...,[세부100배즐기기] 필리핀 여행카페 1위,2일 전
잘가요 안녕,젤 끝에 맑눈광 쟤가 8살의 접니다. 저 땐 참 잘하는 게 많았는데. 24살의 여진이는 어째 16년 전의 여진 어린이보다 모자란 게 더 많습니다. 7월은 본가에서 푹 쉬었습니다. 끝자락엔 심심해져서 가족들 끌고 다낭에 다녀왔습니다. 다낭인 이유도 TV에서 다낭 맛집 방송을 기가...,빙글빙글 돌아가는 나의 인생,2일 전
Slbs 팝업스토어,리빗아래는 맑눈광 퍼핌 끼울까하다 최근 한쿼카가 개똥이임을 비로소 안 기념으로 개똥이 끼움ㅋ실제는 색차이도 잘표현됨 처음에는 끼우기 빡빡하더니 익숙해지니 잘된다. 중간에 빠져서 어디가면 큰일이니 꾹꾹이 해줌 별도로 사용할수있는 스트랩도 있고....,이번생은 처음이라,2일 전
해피 11월,"잘먹겠습니다아 -맑눈광- 폭식하고 드르렁 눈이다 눈!! 패딩 신발빼고 전부 다 내꺼로 풀장착 꽤 마음에 들어하는 것 같다 JJH ^^ 너어무마시쎠 짝짜꿍 두시간 달려따•• 머리 굉장히 아팠따 일요일은 잠만 잤음 .. 안 만나는 날 우리,, 감삼니다>< 지코바는 최고야. 자다...",cremecheeze,2일 전
2주차 2일,- 사진 오늘은 너무 맑눈광 이였어요. 자제 하고 사랑해 연속 4문장! You make me happy! You're my sunshine. You make me happy. I love you to the moon and back 그냥 했어요. 만두하나 양보해주네요. 2. 질문 혹은 오늘의 일기 짧게! Do you love me? 라고 말했다....,맘글팸,2일 전
열여덟 끝자락,고3 때 후회없이 많은 추억들을 기록하기로 마음먹었습니다!!(많은 참여부탁) 저도 이 양파쿵야처럼 맑눈광으로 살아볼게요 그래야 이 각박한 경민에서 살아남을 수 있을 수 있을 것 같아요!! 제가 생각하기엔 경민은 폐급양성소가 맞아요((반박ㄴㄴ 이런 학교에서 살아남는...,٩( ᐛ )و,2일 전
알콤달콤쩡님의 카드목걸이와 푸른소나무님의 마이디어 포토북,토끼가 약간 맑눈광이네요 ㅋ) 두훈님이 사인하신 날짜가 2022년 11월 25일 오늘이 2023년 11월 24일이니까 딱 1년전이군요 하... 올해는 안하시나요 ㅜ ㅜ 지금부터 제 소망은 배두훈 1집 앨범 콘서트입니다 두훈님이 그거 하고싶다고 적어놓으셨으니까요 푸른소나무님 덕분에...,뮤지컬 배우 '배두훈' 공식 팬카페 두:드림,2일 전
소인배의 마음을 버리고 군자다운 경쟁하기,맑눈광처럼 오늘은 에어팟을 껴야 능률이 올라가더라구요 ㅋㅋㅋ 그릇이 작고 아량이 좁은 소인배의 모습을 드러내고 말았다. 아무도 내가 이러는 걸 모르지만 B를 의식하고 있는 내 행동이 부끄럽게 느껴졌다. B의 행동이 못마땅하고 거슬리는 근본적인 이유가 무엇인지...,행동하는 성장일지,2일 전
#1. 호그와트 레거시,학교 입학전에 피그교수님한테 배우고 학교에 들어가게 된 꽃분이 약간 맑눈광재질임 두 분이서 옥신각신 얘기하는것도 재밌었다. 여기서는 뭔가 진짜 지지 않을 것 처럼 나왔다. (그럴 리가요.) 마차가 출발하고 수상한사람이 쨘하고 등장 마차안에서 열쇠에 대한 이야기를...,Life's a voyage that's homeward bound,2일 전
크레이지 이벤 뛰려면 언제부터 돌 모아야하까요,통상이지만 아키토 라라라가 존나 섹시하고 베너가 존나 맑눈광이라서 달리려는데 in100... 해보고 싶은데.. ㅌㅋㅋㅋㅋ 언제부터 돌 모아야할까요 뽑기는 돌릴 생각이긴 해여,프로젝트 세카이 컬러풀 스테이지! feat.하츠네 미쿠 공식카페,2일 전
맑눈광,반짝반짝,부천시민의 대중교통 이야기,2일 전
"(11/13~11/20) 집에서 해먹으려고 노력, 촨커, 월남쌈김상사, 코스트코, 홍대개미, 인생 최대 몸무게 달성",맑눈광이 따로 없었다. 근데 그 때 배운 내용 다음날 수업 퀴즈에 적용했다가 교수님한테 지명당해서 수업 중 배운 개념만 사용하라고 한 소리 들음. (11/14) 수업을 같이 듣는 친구 D와 밥을 먹으러 돌아다니는 것이 요즘 나의 낙이다. ^^ 이 문장을 쓴 시점에 옆에서 D가 보고...,블라블라,2일 전
ESTP가 보는 ISTJ,ESTJ는 맑눈광 느낌이고 (나중에 엣티제 편에서 자세하게 써주겠음) ISTJ는 걍 다 빨리 끝내고 쉬고싶은 마음을 디폴트로 갖고 있는 것 같습니다 ㅋㅋ 친해지면 진짜 이상하게도 웃긴 것 같아요 분명 의도한건 아닐텐데 진짜 개웃길 때가 있음 근데 민망해 하는 사람도 있고...,33,2일 전
미리 크리스마스,하길래 구경 갔어 맑눈광 양파쿵야가 지켜보고 있다 딱히 볼 거는 없고 상품? 파는데 막 이쁘지도 않고 굳이 살 것도 없어서 구경만 하다가 나왔어 이 옷 입은 사람 지나가면서 보고 싶음 딱 저착장으로 입어죠!! 주먹밥 쿵야가 젤 기여운듯 꼬질꼬질 하찮은 거...,일상 기록용,2일 전
[잠실] 롯데월드몰 / 쿵야 레스토랑즈 팝업 / 소원상점 방문후기 / 굿즈 및 체험 소개,"양파쿵야 소원상점 ㅋㅋㅋ 맑눈광 짤 때문에 처음 알게 된 양파쿵야 안에는 사람이 꽤 많았어요. 주말은 훨 많았을 듯 해요. 이곳 저곳 포토존과 굿즈 진열, 체험존이 있더라구요 :) 잠실 롯데월드몰 팝업 판매제품 만저 소개해드릴게요! 패션 MD존 보자마자 탐난 쿵야가방...",Wonnie’s Moments,2일 전
백문백답,맑눈 맑눈광은 아닌 것 같음. 그냥 맑눈 33. 사람들이 말하는 내 첫인상 대부분 다 조용할 것 같았다고 함 34. 일어나기 힘들 때 하는 것 ‘정신 놓고 자봐라 아현아 뭔 일 일어나나’ 라고 생각하면 벌떡 일어나짐 다들 따라해보세요 35. 잠이 안 올 때 하는 것 그냥 안...,일기장,2일 전
대환장 세족식/ 아이들의 시선(맑눈광),"*어느 후배의 이야기입니다. 7살 아이가 거실로 나와 아빠에게 물었다. ""매장, 화장이 뭐예요?"" 아빠가 답했다. ""매장은 땅에 묻는 거고, 화장은 불태우는 거야."" ""아. 그렇구나."" ""아빠 죽으면 어떻게 할 거야?"" ""불태워야죠"" ""왜?"" ""땅 파기 힘드니까요."" ""아!! 그럼 엄마도?"" ""네....",lmrworld님의블로그,2일 전
맑눈광...,카인 : 눈은 맑은데 전투광임 =맑눈광 #카인 #신비아파트,귀여운 넘...↗,2일 전
09. 사무실의 도른자들,"최근 SNS나 소셜미디어에서 ‘맑눈광’ ‘기존쎄’ ‘꼰대 상사’ 등 직장에서 이해하기 힘든 또는 이해하기조차 싫은 사람들, 소위 ‘사무실의 도른자들’을 풍자하는 콘텐츠가 대세다. 대부분의 직장인들이 그들에게 시달리기 때문이다. 실제로 국내 시장조사기관에서...",종이책을 좋아하는 1人,2일 전
미술을 어래하면 다 맑눈광이 되는걸까요,오늘 찐광기를 봐서 계속 생각남,좀비 고등학교 모바일,2일 전
잠실 롯데월드몰 쿵야 팝업스토어 평일 저녁 대기없이 방문후기 위치 운영기간,위치 : 서울 송파구 올림픽로 300 롯데워드몰 1층 ⏰️ 운영기간 : 11월 17일 ~ 26일 사실 쿵야는 맑눈광 캐릭터나 국가대표 양궁선수... 그럼 소원을 빌면서 동전을 분수에 던지시면 되요 :) 팝업스토어 가운데에는 쿵야 시리즈의 대표 주자 양파쿵야의 거대 인형이...,MJ의 방방곡곡,2일 전
콘서트를 빙자한 잠실 쏘다니기^^,"이 맑눈광을 어찌할꼬.... 롯데몰 오니까, qr줄서기가 있어서 qr찍으니까 바로 원격 줄서기가 됐다. 근데 처음에는 예상시간: 알수 없음(ㅇㄴㄹ)했지만, 거의 20분 만에 들어간듯? 그냥 주변 좀 돌아댕기고 밖에 트리 구경하고 사진찍으니까 순삭~ 되게 잘해뒀다고 생각이 들었고...",뭔소리여 그냥 아아줘,2일 전
[추천] 귀여운 게 최고야~! 쿵야 ~ 팝업~,맑눈광 왜케 귀여ㅠ 잠옷도 귀염귀염 근데 4~5만원 대 였던듯 ㅎ.ㅎ 넘 귀여어!!!!!!!!!!!!!!!!!!!!!!!! 이거 보고 피규어 바로~ 겟 일단 흔들어 재끼면 돼 나왔으면 좋겠네 ㅎ 두개 샀는데 하나는 나 하고 하나는 연말 파티때 가져가려고~ 내 선물 받는 사람 좋겠다 ~ 수염 버전도 너무...,Let's make a better version of myself each day.,2일 전
[11월4째주] You never called it what it was,"내 쪽은 보지도 않고 서류를 한 손으로 퍽 떠안기고 인사도 안받아줌 면접 자체도, 경력이 이게 다며 다른거 해본 건 없냐길래 맑눈광 표정으로 ㅎㅎ 업눈데용 함 너희...뭐...돼..? . . 쨋든 글케 면접 보고 언니랑 아빠랑 데이트함~ 현백 미아점이엇어요 여기가 왜이렇게 낯...",낙낙(knock knock),2일 전
미술학원 상담 다녀옴,"원장쌤이 좀 맑눈광이어서 무서웠어요 첫말 그림보고 여기 올 필요없는데 왜왔니.? 였는데 그때 너무 무서워서 에.??예.? 이러고 있었어요 다음말이 건강이 제일 중요하다였음 그래서 아토피 치료하는 민간요법,아토피의 역사 생활, 책을 많이 읽어서 스토리 쓰는 법을...",좀비 고등학교 모바일,2일 전
"[잠실역] 11,12월 롯데월드몰 팝업 스토어 (노티드X최고심, 쿵야 소원 상점, 디즈니 픽사 플러피)","싶은 맑눈광 테스크테리어 쿵야 신전 3만 원 이상 구매 시 양파 쿵야 풍선 5만 원 이상 구매 시 팝업 한정 포스터 10만 원 이상 구매 시 양파 쿵야 극세사 클리너를 증정해 주신다고 해요 이 모든- 것은 선착순, 한정 상품입니다 글라스 잔 구매 시에는 맥주 안주로도 좋은...",매일 준비중,2일 전
다시 파도가 잠잠해질 때까지 - 10월 (2),대적자는 면했다 그리고 열심히 일했어요 show맨 3회차 남았다 내 추구미 약간 이런 느낌 인생을 큐티깜찍맑눈광재질로 살아가고 싶다 어느덧 2023 월별기록이 4번밖에 남지 않았네요 그래도 꾸준히 기록한 나에게 소소한 칭찬을 .ᐟ.ᐟ 공부랑 일밖에 안한듯 싶었는데 나름...,˚₊·—̳͟͞͞♥,2일 전
송도 헬스장 추천 운동에 진심 헬창친구 같이 빅토리짐 다닌 후기,눈이 맑눈광이 되어서는 운동 오늘부터 하자고 그래서 난 운도 안들고 왔는데 뭔소리냐고 하고 간신히 말렸어요 이놈은 운동을 하루도 안하면 몸이 오히려 아프고 답답하고 갑갑하다네요;;; 지가 김종국인줄알아; 그리고 송도 헬스장 중에 전 국가대표가 선생님인곳이...,‡로즈의 갓생투어‡,2일 전
"쿵야 레스토랑즈 소원상점, 잠실 롯데월드몰 쿵야 팝업스토어 (주말 오픈런, 웨이팅, 랜덤박스, 굿즈, 인생네컷)",저는 양파쿵야를 매우 좋아해요 어릴때 야채부락리 게임 열심히 한 기억도 있고 최근에 다시 맑눈광 캐릭터로 나오면서 다시 좋아하게 되었습니다 인스타에서 쿵야 팝업이 잠실 롯데월드몰에서 열린다는 소식을 보고 오픈 다음날에 오픈런해서 바로 다녀왔어요 그럼...,블리의 해피 라이프,2일 전
요래조래 일상입니다요 뽕,맑눈광이었구나... 동숲 헬창 캐릭터들 너~무 많아 나 이제 올팜 양파 만들기 잘함 양파 주고 안 주고를 떠나서 그냥 성공하면 기분이 좋음 도전권 좀 더 주세요.. 아니면 연습하게 그냥 열어만 줘... 뚱캔 제로콜라 사려는데 보이지가 않아??? 냉장고 앞에서 1분은 빤히...,천아롱의 일상 모음집,2일 전
"늦가을 일상과 상념, 답답할땐 등산이 하고 싶어요. 책 <내 안에서 나를 만드는 것들>, 앞으로의 차&요가 생활.","타인으로 인해 피로한 일들이 늘상 많다보니 다들 소위 말하는 '기존쎄'가 되고 싶어하고, 본인 곤조대로 행동하고 타인의 영향을 별로 받지 않는 것처럼 보이는 '맑눈광'을 부러워하기도 하는 것 같습니다. 하지만 결국 본질적으로 인간이 과연 타인을 개의치 않을 수 있는가...",복화의 즐기고 탐구하는 생활,2일 전
명동 포켓몬 팝업스토어 후기,할뻔해서 정신줄 꽉 붙잡고 몇개만 사왔습니다...ㅎ 들어서자 마자 보이는 맑눈광(?) 푸린 지라치 인형은 진열이 안되어 있어서 직원 두분께 물어봤는데 한 분은 분명 재고가 없다고 말했으나... 다른 직원분이 창고에 꽤 많이(?!) 남아있던 지라치 인형을 꺼내오시더군요 ㅎㅎ...,지금은 포켓몬 시대!,2일 전
[후기] 뉴트로지나 딥클린 아크네 포밍클렌저 220g *2입(양파쿵야 파우치 기획),양쿵 앤 클렌징폼 듀오 어떤가요 엉덩이(?)도 포동하니 귀엽쟈나 맑눈광 그자체 하지만 전 주쿵 팬입니다(단호 세면 머리띠는 풀리지 않죠 어딜 감히 풀어지려고!! 내부에는 포장용 종이도 함께!! 사은품이지만 세심하다.. 음.. 아마 팩트 하나정돈 드러갈 사이즈? 근데...,용(맹왕)자조후추,2일 전
"[청룡영화상] ""박 터지는 집안싸움→굿바이 김혜수""…D-청룡, 서막 오른 ★의 전쟁","[청룡영화상] ""고립된 도경수→맑눈광 정유미까지""…청룡 주연상, 용호상박 빅매치 [SC인터뷰] ""정우성이라는 바다에 헤엄치는 고래 황정민""…정우성도 기 빨린 '서울의 봄'(종합) Copyright ⓒ 스포츠조선. All rights reserved. 무단 전재 및 재배포 금지. 이 기사는 언론사에서...","연예일상,스즈메각코,일본어종합,voca6000,이승대",2일 전
1124 [크리스마스 케이크 / 양파쿵야 팝업스토어 ],"대표 굿즈인 양파쿵야 및 주먹밥쿵야 쿠션 등을 비롯해 ‘맑눈광’ 슬리퍼, 아크릴 스탠드, 랜덤 피규어, 차량 방향제 등 새로운 품목을 선보이고 기존 굿즈도 종류를 추가했다. 넷마블 엠엔비 관계자는 “많은 관람객이 방문하는 만큼 현장에서 즐거운 시간을 보낼 수...",뜬구름,2일 전
1124 임소정 [크리스마스 케이크 / 양파쿵야 팝업스토어 ],"대표 굿즈인 양파쿵야 및 주먹밥쿵야 쿠션 등을 비롯해 ‘맑눈광’ 슬리퍼, 아크릴 스탠드, 랜덤 피규어, 차량 방향제 등 새로운 품목을 선보이고 기존 굿즈도 종류를 추가했다. 넷마블 엠엔비 관계자는 “많은 관람객이 방문하는 만큼 현장에서 즐거운 시간을 보낼 수...",신문 스크랩 스터디,2일 전
그냥저냥 대강 사는 사람의 넋두리,날 추워서 또 생각나 풍덩~ 중이랑 월성에 있는 이자카야에서 간술 두 번째 방문인데 그새 무수히 맛난 걸 먹고 다녀서 그런가 이번엔 그저 그랬다 내가 조아하는 메로구이~ 뭔가 맑눈광 재질인데 아주 협소한 더현대 이케아 팝업 혼자 구경 하고 왔당 부대껴 자는 강아지들...,내가 보고 느낀 것들!,2일 전
몽몽의 일상 기록 : 23.11 이모저모 (2),"개인적으로 주먹밥쿵야가 멍충하니 좋아하는데, 역시 직장인이라면 맑눈광 양파쿵야가 원픽이지 않을까 싶다. 샐러리쿵야는 왠지... 갖고싶었던 맑눈광 수염쿵야가 나와서 소리질렀다! 넘 좋아! 그리고 쿵야 팝업을 포스팅하지 않은 큰 이유. 주말이었어서 그런지 사람이...",유익한 꿀팁과 맛있는 후기가 가득한 몽로그,2일 전
엘엠알(LMR) 샹뇽이 키링 내돈내산 리뷰!,눈이 너무 초롱초롱해요 제가 사진을 못찍어서 그렇지 실제로 보면 진짜 영롱함 거의 맑눈광 수준임 눈 앞에서 츄르 다 뺏어먹어서 울려보고싶게 생겼다 ㄹㅇ 옷도 벗길 수 있어요 ㅎㅎ (˵ •̀ ᴗ - ˵ ) ✧ 갑자기 길냥이가 되어버린 샹뇽씨 옷이랑 악세사리도...,영원한 스튜,2일 전
잠실 쿵야 팝업스토어 잠실 양파쿵야 팝업 소원상점,그분이 진짜 찐 맑눈광일 것 같은 느낌 이벤트로 쿵야 레스토랑즈 와인글라스 2입세트 구매 시 구운양팡 or r 구운주먹밥 과자 1개를 선착순으로 증정합니다 과자봉지에도 쿵야들 가득가득 이렇게 쿵야들 인형과 쿵야 피규어도 팔고있어요 프린팅 박스도 있으니 쿵야를...,먹킷&버킷리스트 채워가기 ๑•‿•๑,2일 전
"[ 코카푸성장일기 ] 만 7개월 강아지 - 애견동반카페, 강아지프로필사진",ㅋ ㅋㅋㅋㅋㅋ 눈돌아감 ㅋㅋㅋ 맑눈광 다이소에서 파는 요 장난감은 모카 최애라 하나 더 쟁였어용 ㅋㅋ 인천에 애견카페방문 잔디애견운동장이 넓어서 너무 좋았던 인천애견카페 카페라봉 포토존은 지나칠수 없쥐 내눈엔 모카가 젤이뽀!!! 탐내지만 이건 사람꺼란다...,bellalog : 빛나거나 미치거나,2일 전
잠실 롯데월드몰 쿵야 팝업스토어 소원상점,"입장하자 마자 반기는 맑눈광 양파쿵야!! 진짜 밈이란게 신기한게, 양파쿵야는 거진 20년 전부터 존재한 캐릭터였는데 이제 와서 관심을 받는다는게 ㅋㅋ 잠실 롯데몰 쿵야 팝업스토어에서는 양파쿵야, 셀러리쿵야, 주먹밥쿵야 굿즈만 있었다. 쿵야 엄청 많은데 왜 얘네밖에...",디지털 끄적이,2일 전
"쿵야 팝업스토어 소원상점 평일 점심시간에 다녀옴, 쿵야 굿즈 미리보기",쿵야 캐치마인드로 알게됐는데용 근데 알고난지 얼마 안되서 섭종이 되어 ㅠ 그이후론 맑눈광 이모티콘으로 알고 있었어요. 특유의 저... 저 맑눈광 피규어를 갖고 싶어서 쿵야 피규어를 3개나 샀는데..힝 실패함 쿵야 피규어 종류는 다음과 같아요. 전 왼쪽 젤 위에 친구를...,yalgoworld,2일 전
기록이 쌓이면 뭐든 된다.,"맑눈광에 열정 넘치는 모습이 마치 저 같아서 넣어봤어요. 2. 블로그 시작은 언제였고, 계기는 무엇이었나요? 블로그는 오늘 처음 시작했고, 계기는 알바 자기소개서를 쓰다가 문득 제가 갈수록 글을 꾸미려고만 하고 잘 못 쓴다는 걸 깨달았어요. 블로그를 통해서 있는...",땡모반 (۶•̀ᴗ•́)۶,2일 전
[그리스] 산토리니는 일몰이 다했다,화장실까지 넘무 기여워 사진에 다 안담기니 왜 집주인이 이것 저것 설명해주는데 진짜 선-함이 보이고 넘 따듯한 너낌 뭔가 학창시절때 좀 놀다가 주님 만나서 회개 빡시게한 맑눈광 교회오빠..? ㅋㅋㅋㅋㅋ 아니냐 지으낭? 하우스키핑도 매일 해주고 우리가 좀 잘못 온건데...,세징,2일 전
쿵야 레스토랑즈 소원상점 롯데월드몰 팝업 방문후기,1인 1동전 초대형 양파 쿵야 팝업스토어 한가운데 맑눈광으로 유명한 초대형 양파 쿵야가 있는데 다들 줄 서서 사진 찍느라 난리다.... 맑눈광 슬리퍼는 정말 조금 무섭다. 쿵야 레스토랑즈 소원상점 롯데월드몰 팝업 스토어 롯데월드몰 1층에 있으니 한번쯤 방문하는 것을...,1008 다이어리,2일 전
부산 포켓몬팝업스토어도 가고 반나절투어하기,대왕피카츄는 맑눈광같고 밑에 눈사람피카츄는 영혼리스라 보는데 웃겼다 세시쯤 도착했는데 평일 오후라 그런지 대기없이 바로 입장이 가능했다. (대기는 없지만 입구에 웨이팅등록을 해달라고 하셔서 등록하고 카톡을 보려드린 후 바로 입장할 수 있었다) 너무......,빙글빙글 돌아가는 짱구,2일 전
운동 블로그.....다시 열심히 해볼게요...!,암튼 그럼 그렇게 찍은 사진 보니 뭐지 눈이 왜저래 맑눈광같은 느낌 쩄든 나쁘지 않게나와서 낫벧 저 날 저렇게 찍고 칼국수 먹고 보드게임카페 갔는데 역시 이 조합은....재밌는데 힘들어...기빨려...그래도 오랜만에 만났는데 어색하지 않고 꿀잼이였음 히히 그리고 드디어...,jjin_water님의 블로그,3일 전
헬스장 운동 일지 1 (feat.시작과 동시에 들킨 운동),"아니 뭐, 그래봐야 오전 내내 병든 닭이되어서 아닌 척 맑눈광으로 오전을 동료들의 걱정속에 보내고 오후는 반.차. 오.후.반.차 쌍화차보다 효능이 좋아 하지만 아까운 내 반차 그것을 썼어요 어쩔 수 없었어요 어제 몸살기가 있어서 알콜소독을 해줘야 했거든요 잉뿌피가...",시온이의 지극히 개인적인 블로그,3일 전
"1123 티니핑쇼 (새콤달콤 캐치티니핑 10화 선공개, 11화 예고)",저는 여기에서 포실핑의 광기를 다시 한 번 보았어요 맑눈광포실핑 이렇게 마카핑을 캐치한 에피소드도 마무리가 되었습니다 ! 새콤달콤 캐치티니핑 11화 미리보기 차곡차곡 쌓아줘 핫케핑 이어서 11화 미리보기 차곡차곡 쌓아줘 핫케핑 처음 공개됐을때부터 ... 저만...,꼼엄마의 우당탕탕 육일캠 blog,3일 전
[직장인 일상] 맨날 다짐만 하는 블로거 ~ That's me~ (&직장인 짤),얼마전에 청설모 봤다. 급 자랑. 안녕~ 고양이 발바닥자국. 차는 개더러운데 내 차 아님(진실). 같이 일하는 대리님 차. 진짜 안녕히 계슈. ~ 고양이 발바닥 자국 귀엽지~ 히히 #직장인 #일기 #맑눈광 #탁눈광 #그냥 #탁한눈의일반인 #돈줘 #루피 #누누씨 #직장인짤,페퍼의 블로그,3일 전
Prologue,2023-11-23 UPDATE ABOUT BLOG 현생Contents) 막학기 맑눈광 대학생의 막학기 대학일기 + 취준일기 덕질Contents) 실존하는 남정네들 좋다는 글 화면에 나오지 못하는 남정네들 좋다는 글 외계 남성 5인 집단 아이돌 그룹 좋다는 글 (플레이브 덕질 글) 아마 외계 남성 5인...,덕질하다가 가끔 힘들면 현생 살자,3일 전
2023.11.23_연말을 향해서,매 생일을 함께 보내는 이 맑눈광 친구들.. 이날은 히진쿤의 생일이였기에 모두 바쁜데도 불구하고 모였습니다. 이렇게라도 강제로 모이니 좀 좋은 거 같아요. 근데 내년에도 같이 보내.. 보낼 수 있을까? 못 본다니까 나 벌써 슬플라그러네. 진지하게 캐리어에 넣어가지고...,⠀,3일 전
1 day - 33 day,"내 체감상 저날이 오늘보다 더 추웠던거 같오 가끔 설거지하면 이런 남자 어떠냐고 목살 아지아는 정말 감동 그 자체 ,, 저건 정말 졸업하기 전까지 절대 못 끊을거 같아 ㅋㅋㅋㅋㅋㅋㅋㅋㅋㅋㅋㅋㅋㅋ 애기 정연이 기요밍 ,, ♥ Tmi : 아기 때도 이댜 (크크) 난 이런...",.,3일 전
미루고 미루고 미루다가..? mirror が 되 어 버리기,아 갑자기 개웃긴사건 생각나서 급 적기 새로운 별명이 생겻어 똑똑한 주현영+ 맑눈광 제안서 쓸때 내가 대문자 T 모먼트 + 크리틱 쥰나 걸고 아이디어 왕창 내서 그론가 ㅋㅌㅌㅌㅌ 다들 너무 놀라셨어.. ㅠ 평소에는 네?! 이러다가 회의 하자마자 돌변해서 ㅋㅋㅌㅌ 한 2주...,CHAB KIT OUT!,3일 전
[인천 월미도 맛집] 신선한 조개 가득 청춘조개 월미도 직영점 (월미도 조개구이맛집/월미도 조개구이무한리필),맑눈광의 월디 야경이 기가막히네요 저기 보이는건 영종도겠죠? 문화거리 내 차량진입 금지네요 그대신 월미도 청춘조개와 공영주차장의 거리는 가깝습니당 유명한 월미도 바이킹~ 현란한 불빛이 눈에띄어요 집가는길에 탕후르를 사먹어봤어요. 제인생 첫 탕후루입니다....,"안녕하세요, 반가워요",3일 전
메이플 엘리시움 남쮸#25｜솜사탕헤어 믹염｜사뿐 도치 잡라벨｜따뜻한 털실 토끼 모자,지금 가장 사고 싶은 성형 1) 참깨 2) 쀼 쀼는 맑눈광 같은 저 눈망울과 딱 두가닥 있는 저 속눈썹이 포인트라구 .. 저 귀여움을 바로 알아차리지 못한 나 반성해 .. 그리고 저희 헤네시스 7섭에서 세르니움 7섭으로 집 이사했어요 ~ ~ ~ 우리집 자주 놀러와요 : 0 (근데 아마...,반갑읍니다. 미지의 세상에 오신 것을 환영합니다.,3일 전
맑눈광 한의대생 면접 합격썰,맑눈광은 어디서든 돋보이네 내가 면접관이어도 얜 뭐지 이러고 계속 쳐다볼듯...,포만한 수학 연구소,3일 전
BP,사실 광고할 때부터 보고싶었음 개신났다 존잼인데 너무 빡쳐씀 황정민이 진짜 맑눈광 그 자체 어쩐지 심장이 빨리 뛰더라••• 인스타에 서울의 봄 심박수 챌린지 있던데 본인 133 ㅋㅋㅋㅋㅋㅋㅋ 오늘자 이러고 학교 갔음 수업 중 창밖 뷰 너의 이름은? 수면다원검사...,%,3일 전
맑눈광,지윤이 만나러 합정 가는 길인데 요즘 인스타도 흥미없고 (그치만 스토리 추억남기기는 못참아) 유튜브는 애진작 흥미 잃었구 노잼 노잼 노 잼 이라서 블로그 써요 오늘은 뭐 글케 큰일은 아닌데 지치고 기가 쫙쫙 빨리는 하루였거든여? 그래서 진짜 오랜만에 술이...,soolyelee,3일 전
오늘의 특 맑눈광 시원한 점안액 눈 피로 완화 황반 변성 눈 영양제 마사지 아이케어 3개 13ml 구경하세요,No.1 시원한 점안액 눈 피로 완화 황반 변성 눈 영양제 마사지 아이케어 3개 13ml 빠른 선택으로 내일 까지 도착 19.800원 평점 4.5점 및 후기 = [ 48 ] ▼▼▼구매링크(댓글)▼▼▼,쇼핑스타마트,3일 전
10월에서 11월로 : 미쳐가는 일상 기록 ✍,나 맑눈광 같이 나와서 좋아하는 셀카 곱게 돌자 도른자 노른자 또 어느 날 먹어재낀 막창 막창집 딸내미의 장점은 먹고싶을때 굽신굽신하면 그냥 가져다 먹을 수 있는 내장들 바삭바삭하게 익혀서 야무지게 먹어야쥥 그날 저녁 정신 못차리고 또 마신 다른 버전의...,"홍달막창, 자영업인자 일상기록",3일 전
"제목, 외전, 연작, 차기작","지율이의 입사동기이자 엘리트 출신 경제부 기자, 정의에 살고 정의에 죽는 집착의 맑눈광 일러스트레이터님이 양파쿵야 느낌을 잘 살려주셨습니다. 네...표지까지 이미 다 받아놨습니다 ㅎㅎ 미친개X라이또의 쫓고 쫓기는 #배틀연애 #몸정맘정 #존댓말남 #집착남녀...",작가 마셰리,3일 전
[도쿄여행] 1~2일차 / 도쿄 도장깨기를 하다,나는 원피스랑 주술회전 안 봤는데 동생이 좋아해서 찍어봄 맑눈광 돈키호테에서 살 게 있어 들렸는데요 시부야 메가돈키 진짜!!!!!!!!!!!!!!!!!!!!!!!!!!!!! 비추합니다 진짜 이거 진지하게 비추 우선 사람이 진짜 너무너무너무너무너무너무 많고요 물건이 어디에 있는지 찾으려면...,just feel it,3일 전
"쿵야레스토랑즈 소원상점 팝업 후기 (팝업스토어 추천, 굿즈 가격, 이벤트 정리) 11/17(금) - 11/26(일)",해서 맑눈광스러움이 잘 표현됐다 귀.여.워. 이벤트 먼저 처음 입장하면 정면에 분수대가 보인다 코인을 하나씩 주시는데 소원을 빌고 동전을 골인시키면 끝..! 다소 허무하다 그리고 인스타 팔로우하고 포카 받았는데 사원증에 껴두면 딱인 사이즈였다 메모지에...,리얼영 일상 여행 기록,3일 전
"""양파쿵야랑 사진찍으러 가요"" 5일간 2만명 팝업스토어 찾았다","수 있는 스노우메이커는 매일 조기 품절된다고 회사 측은 설명했다. 대표 굿즈인 양파쿵야 및 주먹밥쿵야 쿠션 등을 비롯해 ‘맑눈광’ 슬리퍼, 아크릴 스탠드, 랜덤 피규어, 차량 방향제 등 새로운 품목을 선보이고 기존 굿즈도 종류를 추가했다. https://naver.me/xzn6AdyD "" """,┏우zlㄱL ㅅLz6ㅎL는 nl간┓,3일 전
11.11 빼빼로와 마라톤 그 사이,이번에 새 캐리어 끌고 가지 아주 좋았다 맑눈광 후추 오빠 품이 최적화다멍 귀여운 건 한 번 더 찍고요 아니 근데 후추몬 얼굴 털이 마치 남편몬의 옷과 거의 비슷해서 물아 일체의 경지 같았다 괴롭히는 거 아님 저희 자두몬 사랑합니다 화장실 갔다 오니 펼쳐진 귀여운 광경...,Now Is Good,3일 전
"디즈니+ 비질란테 이준혁, 카멜레온 급 연기 변신 감탄 유발자, 이준혁 나이 키 프로필 인스타그램",범죄자를 죽음으로 처단하고 건물 벽을 타고 내려올 때부터 자신이 비질란테와 같이 정의를 실현하고 있다는 사실에 흠뻑 취해 있는 듯 흥에 겨운 발걸음과 가벼운 제스처까지 마스크 속 얼굴에 광기가 일렁이고 있을 것 같은 기묘한 ‘’ 분위기를 자아냈다....,스타 연예 영화 이야기,3일 전
"스케일 대박 잠실롯데월드몰 크리스마스 회전목마, 트리, 마켓 사진 꿀팁","맑눈광 양파쿵야 딱히 갖고싶지는 않아 ㅋㅋ 예약도 웨이팅도 필요없는 크리스마스에 진심인 포토존을 찾으신다면 잠실 롯데월드타워몰이 답입니다! 근처 석촌호수에서 작게 루미나리에도 같이 하고 있고 볼거리, 즐길거리 먹을거리 하루가 모자라겠더라구요. 담에...",구보씨의 일일,3일 전
김아영크림 겨울철 보습크림으로 좋네요! 김정문알로에 큐어크림 2x,"김정문알로에 큐어크림2x은 맑눈광 김아영이 광고중 ㅎㅎ 너무 귀여우셔..ㅎㅎ 팬입니다! 이렇게 요즘 광고도 나오더라구요! ""큐어 바르면 기분이 조크든요~~""ㅋㅋ 리뉴얼된 큐어크림2x 브랜드 스토어에서 1+1 행사중이네요. 저도 구경해보고 대량 구매가야겠어요 ㅋㅋ...",Glorious Day,3일 전
[230101 - 230301] 여신님이 보고 계셔 (스포 O),진짜 맑눈광인데 너무 귀여워!!! 자잘자잘한 디테일도 너무 좋았다.. 마지막에 콩 한 알 두고 간다던지...ㅠㅠ 양승리는 자둘인데 목소리 너무 좋은데... 진짜 창섭이들 다들 너무 좋아요...어케...ㅠㅠ 진짜 따뜻한 사람이야... 그래도 초반에는 너무 무섭다... 그리고...,MIN,3일 전
EP.01 인천공항 - 카타르 도하 하마드 공항,진짜 맑눈광 그자체 셔틀에 몸 싣기 1초 전이었는데 데카르트 현정이 덕분에 살았다 니가 있어 참 좋다 친구야…………! 돌아가는 길에서야 눈에 들어오는 경고판 저렇게 위협적이게 써놨는데도 이 악물고 외면한 나도 참… 셔틀 트레인 타기 전에 내 게이트가 어딘지 꼭...,good news,3일 전
텔러쿵야,영원한 맑눈광 텔러,유튜버 썰레임 팬카페,3일 전
썸원 Sumone | 썸원 질문 답변 | 211번째 질문 ~ 225번째 질문 2023Ver,서로 전이가 잘 되는 사람들이라 ㅋㅎㅋㅎ 나 맑눈광이었어...⁉️ 225. 225번째 질문 당신이 잠에서 깼을 때 머리맡에 선물이 있다면 어떤 선물일까요? 앜ㅋㅋㅋㅋㅋㅋ 뽀뿌뽀뿌왕왕 엔딩 나 역시 그럴 거야 이번 썸원도 이렇게 #썸원 #썸원문답 #썸원질문...,Cherish the moments,3일 전
5.8~5.14,바보들 ㅎㅎ ㅋ 예쁘다 #홍대 #모노맨션 예성 블로그에서 퍼온 신기한 일상 네 컷 ㅇ.ㅇ 의도치 않은 블랙 앤 화이트 나도 보고 싶어 ㅋㅋㅋㅋㅋㅋㅋㅋㅋㅋ 욱이한테 어버이날 용돈 줬더니 좋아서 눈물 난대 ㄱㅇㅇ 사랑해 언니한테 쿵야는 이야? 물고기 진짜 많이...,과거의 오늘,3일 전
(소환죄송) 베베드피노 티그레 덤블퍼자켓 vs 자라 퍼자켓,———(필독)메모인증 안하면 무통보삭제——— https://cafe.naver.com/lovehayden/4001403 ———(필독)메모인증 안하면 무통보삭제——— https://cafe.naver.com/lovehayden/4001403 이번에 베피 제 취향이 아니라서 휴고 티랑 레깅스밖에 안샀는데 티그레도 같아...,헤이든 [ 수입 키즈패션 플리마켓 ],3일 전
20233798 김보희,"표현하기 어려운 중,고생 캐릭터 대주제: 동물 캐릭터 소주제: 호랑이 특징: MZ세대의 특징과 닮아있음 캐릭터 이름 : 버미 보미 캐릭터 개요 : 성별 구분 없음, 연령 10대, 동물형, 비언어적 요소로 본인의 상태를 표현 캐릭터 성격: 당당하고 밝은 성격을 가지고 있음,",2023비주얼커뮤니케이션2목요일,3일 전
주폭도 왤케 맑눈광이죠.?,뭔가 포켓몬 지우랑 합성해놓은 것같아요 잘생겨서 킹받아요,왁물원 :: 종합 거시기 스트리머 우왁굳 팬카페,3일 전
[무스] 11월 15일~ 16일 카쯔 국토 서폿 뱅송,맑눈광 신무쯔 너 뭐라고 했냥 쓰읍 시리야아~ 무서운 얘기해조~ 하면서 듣는중 주먹 꼬옥 하고 쥔거 귀엽디~ 건대 허니솜주먹 앙증맞움 이번엔 빅스비한테 빅스비~ 무서운 얘기해조~ 했더니 브금깔리니까 표정 봐유~ 무서운(?) 표정 짓깅~ 비장+치명적인척 하는 표정 빠밤~ 아?...,고스트헌터 윤시원 공식카페,4일 전
리퀘신청!,"캐디한지 얼마안된 장발,북극여우 남 자캐에욧 설정은 맑눈광,순수악 입니당ㅋㅋ최근에 맘에 들어서 신청해봐요 ※중요!눈은 꼭 맑눈광 눈으로 그려주세요※ 이런식으로!",★ 초보 그림 카페 ★,4일 전
???? ????,"※ 그림을 올리고, 여러분이 하고 싶은 말을 자유롭게 적어보세요 와 연속 4백발!(?) 여우 와가들입니다루시가 맑눈광(아린)을 만나서 당황하는 모습이에여ㅋㅋ아휴 이 귀요미들 ※위 그림에 저장,캡쳐,도용,트레 등 모든 안 좋은 행위를 금지합니다※",네오아카데미,4일 전
성숙없는 성숙한 섬에서....,여러분 이거 보세요 저는 성숙주민 없는 성숙한 섬에서 성숙한 주민이 생겼습니다! 마일섬 29번째에 나왔습니다!! 맑눈광인거 빼면 색감이 너무 예쁘네여!! 기 받아가세요!,동물의숲 거래소,4일 전
오늘의 특가 맑눈광 수산 메디자임 1L x5개 의료기구 복합효소 세정제 5개 구경하세요,No.1 수산 메디자임 1L x5개 의료기구 복합효소 세정제 5개 빠른 선택으로 내일 까지 도착 97.000원 평점 5.0점 및 후기 = [ 1 ] ▼▼▼구매링크(댓글)▼▼▼,쇼핑스타마트,4일 전
수육,1인이라 깊은 맛은 없지만 맛있네요 달달한 팥죽 호박죽도 생각는 밤 늙은 호박갈아서 찹쌀가루넣고 끓였는데 달달하니 향수를 부르는 소울푸드 근데 아무도 안먹음 호박죽 맨날 끓이던 엄마입맛 따라가네요 비질란테 액션 통쾌하고 이 드라마 요즘 재밌어요 의 남주혁,감일 교산 덕풍 미사 위례 강동 강일 하남 / 아이품애 / 하남맘,5일 전
맑눈광 라일락바이 브리티쉬숏헤어 분양중,"개인거래(판매), 판매중, 가격 360,000원, 안전결제, 네이버페이, 맑눈광 라일락바이 브리티쉬숏헤어 분양중, 소중한 묘연을 위해서 정직 하나만으로 분양하겠습니다❗❕ 기본 건강검진 원구충2회 3대질병 키트검사 모두 완료한 건강한 아이들입니다 무리하게...","우마동- 도그짱,강아지무료분양,고양이,애완동물,고슴도치 분양",5일 전
T1 우승 직전 제가 땄던 와인 등 소개,취향차가 아니고 하자가 있던 느낌이었습니다 Ps2: 저는 고급 포도주스 생각하고 있었는데! 하시면 점수 무시하고 칼로로시 콘코드 사시면 됩니다 Ps3 : 아오 진짜 콩코드도 콘코드로 칠 뻔했네 맑눈광테리체시치,스타데이즈 공식 팬카페,5일 전
[포브스선정세계부자왕] 한달 10일 무지출데이 선언,"1. 무지출데이 목표를 선언해보세요. (예 : OO월 OO일 무지출, 1주일에 2번 무지출 등) 1개월에 최소 10일 무지출데이 선언! 11월은 10일 남았으니 오늘 포함 3일 도전해봅니다 2. 무지출데이 달성을 위한 독한 각오 한마디는? 맑눈광이 되자......","월급쟁이 재테크 연구카페(예금,적금,펀드,보험,CMA,주식,경매)",5일 전
김윤환 주변의 AB 전프로 게이머들,"센세와 같은 89년생으로써 그의 투스타 레이스는 왠만한 전프로들도 알고도 막기 빡셀 정도로 날카롭다.비록 사전에 서술된 AB형들에 숨겨져서 사람들이 그가 AB형인지 잘 모르나, 그는 ""맑눈광""이다. 위의 동영상은 센세를 포함한 암배개를 투스타로 신명나게 두들겨 패고...",기... 기뮤놘입니다 [김윤환 카페],5일 전
11월 19일 일요일 방송때의 제가 끄적인 그림후원 모음!,맨 처음 후원한 그림은 도뤼님 방송 시작할때 바로 올리려고 했는데 도뤼님 얘기듣다가 타이밍을 놓쳐버려서 늦게 올렸어요ㅠㅠ 이건 그냥 의식의 흐름대로 그린 몬가몬가 이건 맑눈광 그림이 묘하게 킹받는거 같아서 절묘하게 그려놓았어요 ㅋㅋㅋㅋㅋㅋ 이건 도뤼님 방송...,도뤼곤 작전본부,5일 전
소윤아님 이분닮은듯?,맑눈광님이랑 정면샷이 비슷한디?,무엔터 Moo Ent.,6일 전
패러디 영상. 쇼츠 제작,맑눈광 캐릭터로 유명한 MZ 오피스 MO오피스 패러디 어떤지요? 2. 미생= 무생 장그래 = 졈그래에서 문득 던생각 입니다 감독: 봉준후 촬영감독: 빙첸 작가: 혜밍위에(혜밍) 주연: 장그래=졈그래 ================= 오디션부터 드라마 제작 과정을 코믹하게 촬영 하거나...,무엔터 Moo Ent.,6일 전
월요일 화이팅..!!,아자아자!!!! ٩(๑•̀o•́๑)و 어제 한 맑눈광(남캐)캐디 밉앙,★ 초보 그림 카페 ★,6일 전
망한 얼굴 스샷 이벤트,으..음... 어려워요 ㅠㅠ 빼빼로 오물오물하시는 게 귀엽고 웃겨서..! 맑눈광 비키니 여왕님 수줍수줍 여왕님 한밤 중 혈중 이슬톡톡 농도 0.05% 여왕님 (?) 같은 느낌의 스샷 아마 노래부르시는 중이셨던 거 같습니다 워낙 외모가 출중하셔서 망한 얼굴을 찾을수 없다에요 ㅠㅠ,퀸슈아,1주 전
드디어 두번째 남자자캐 캐디!,"네 뭐요 남잔데요 백발과 장발남주 사랑..못놓아버렸습니다 설정들이 마구마구 있지만 스포가 되니 이것만 말하겠습니다 일단 북극여우 인수구요 이름은 아린 ""맑눈광,순수악"" 암튼..!귀엽게 나와서 좋네용 ※위 그림에 저장,캡쳐,도용,트레 등 모든 안좋은 행위를 금지합니다...",네오아카데미,1주 전
대체 얘는 취향이라는게 있나 궁금한데 살펴봐주세요!,이미지가 되고 싶었으나 현실은 정신줄을 놓고 맑눈광이 되어버렸고 본인이랑 다른 작고 귀여운 것들을 모으는걸 좋아하는 사람입니다 추천하시는데 도움이 되실까 싶어서 주저리주저리 썼습니다 그 외에도 이거 좀 어울릴 것 같다 싶으면 추천 부탁드려요! 미리 감사드려요,향수사랑,2주 전
이윤정 세터도 진짜 어마어마 하네요,고집 쎈거 알고 있었지만 마지막에 타나차 몇번연속 줬나요?ㅋㅋ 알고 봐도 저건 진짜 병적인거 같은데 왜 저럴까요?,토토와 프로토 세상사는 이야기,2주 전
오 그림러 열분 이거 써보세요,그림그릴때 맑눈광 느낌으로 정면 보고계신 연예인분 사진 가져와서 그림그릴때 화면에 띄어놓으면 감시당하는 느낌으로 딴짓안하고 그림만 그리게 됩니다 어서 써서 짱 멋진 그림들을 그려보시지요,유튜버 썰레임 팬카페,2주 전
"[수수진] 칼럼필사#4 - 500번의 고민 501번째 선택, 나의 1호기(feat.플피해도 될까요 튜터님?) [숨유지]",'그저 그런' 투자를 하고 싶지 않았습니다. 이때부터 제 눈은 '맑눈광'으로 변합니다. 본격적인 매수 스토리는??? 2탄에서 만나요~ <월부에서 꼭 읽어야 할 BEST 추천글> ☆돈 벌 기회가 다가오고 있습니다☆ https://cafe.naver.com/wecando7/9408389,월급쟁이부자들 (직장인 재테크 부동산 스터디 경매 파이어족),2주 전
수험생 사장님 응원 이벤트 2종 당첨자 발표 (~11/30),잠자는숲속의오로라 맑눈광 축구선수남일 메에에 파스넷 무해 포코포코 문스톤 프름이 백번구은김선생 bora7912 비아 byeol11 소리임니다 ryota14 이벤트 참여 선물 쿠폰 번호 참여인원 상품 쿠폰번호 응원 댓글 111개 이상 달콤함을 담은 행운 상자 20개 YOURGLORYDAY (2023/11/30...,아이러브커피 공식카페,2주 전
군고9마님 나눔 인증 에어팟 프로입니다~,군고9마님의 에어팟 프로나눔 인증입니다~ 먹을걸로 완충까지... 깊이 감사드립니다 ㅎㅎ 오른쪽에 소리가 나지만 왼쪽만 끼고 일할때 맑눈광 쌉가능 즐거운 음감 되겠습니다 꼼꼼하고 친절한 나눔 감사드리며 아사모 회원여러분 모두 행복한 연말 연시 보내세용,"아사모 -[아이폰15 / Plus / Pro / Max, 아이패드, 애플워치]",2주 전
쿵야 레스토랑즈 <소원상점> 팝업스토어 오픈! 굿즈 라인업 공개!,시 맑눈광 풍선 증정 - 5만원 이상 구매 시 포스터 증정 - 10만원 이상 구매 시 극세사 클리너 증정 ⓒ ky_restaurantz 모든 제품은 품목당 1인 최대 10개까지 가능합니다! (일부 한정 품목 제외) 다양한 캐릭터 콜라보 및 팝업 소식을 원한다면 키앤어월 카페 가입...,키앤어월 네버랜드 (키덜트/가챠/피규어/반다이/굿즈/띠부씰),2주 전
"직장 내 관계 스트레스, 프로파일링 알면 술술 풀린다_『사무실의 도른자들』","기존쎄(기가 센 사람), 맑눈광(맑은 눈의 광인) 등 듣도 보도 못한 단어들이 수두룩하지만, 외워야 한다. 엄연히 존재하는 사회의 한 단면이라서다. 도른자도 그중 하나다. 정신 이상을 뜻하는 ‘돌다’와 사람을 뜻하는 ‘자’를 합한 ‘돌은 자’를 발음 나는 대로 적은...",::문학동네::,2주 전
그리고싶어서 급하게 그려온 흑백조,기분이 나쁜 이배일 맑눈광 A 웃효 독새 (참고로 본인 흑백조 원픽 독새임) 진짜 방송보면서 뭔가 그려야할거같아서 급하게 그려왔습니다,모자 쓴 친구들,2주 전
표정이 다양한 지스타 젠타 직찍 (폰카),젠타 거만 젠타 아뿔싸! 젠타 억지웃음 젠타 뿌우 젠타 파칭 젠타 필살표정 젠타 브이 젠타 공주님 젠타 안타까워하는 젠타 아자아자 젠타 윙크젠타 크앙 젠타 뿁 젠타 맑눈광 젠타 치명젠타 희비교차 웃참표정 젠타 하트 뿅뿅 젠타,젠타네 동물농장,2주 전
1052,펜그림 우마이,★ 초보 그림 카페 ★,2주 전
사랑둥이 이정용선수 백승현선수,엘지의 미남들 이정용 백승현 선수 너무 사랑스러워서!! 인스타에 올릴 사진 고르다가 공유하고 싶어서 올립니다,쌍둥이마당 ( 구 쌍마대피소 ),2주 전
화보낙서모음,옆에분 리멬 강태혀ㆍ 실제론안이럽니다... 건전한거 조아함 맑눈광 가현 길티챌린지 현수 잼민도연 수시 3곳 광탈두리(슬픔) 시골청년 현수 두링 아직 하고있으니 요우코소♡,짤툰 라이브 카페,2주 전
[일상] 23년도 9월 일상 기록 1탄,맑눈광 해맑음씨와 함께 하는 산소요법 실습 (사실 11일이 아닌 12일 화요일 실습인데 넘어가도록 하자!) 집 가는 길에 받은 행복한 카톡 ㅎㅎ 동생 여자칭구가 사준 내 최애 마카롱 ㅎㅎ 맛있는 거 사주는 사람 = 좋은 사람 메모메모 23.09.13 개강 n일차 반복되는 1교시로...,서니로그,4주 전
me,머리는 수찬쌤 부여 아무래도 개레전드의 날이라고 할 수 있죠 #2023nnnn #직캠 홈마있는여자 어떤데 자꾸 병약해지던 날 맑눈광 주정뱅이 같은 노랠 했어요 #젊다 술먹으면 온몸이 빨개짐 신났쮸 기절쌈바리 롯데월드 전날 이보혜랑 닭발먹으면서 꼬꼬무까지 야무지게 봄...,Intermediate storage,4주 전
가을이다!!,내가 카메라 드니까 꼬물꼬물 발 모아주심 ㅋㅋㅋㅋㅋㅋㅋ 고마워 셤기간 동안 가장 열심히 한 것: 도서관 가서 밥 뭐 먹을지 정하기 먹기 전까지 기대하다가 집중 못 하기 배부르게 먹어서 졸기 쪼르르 ㄹㅈㄷ ㅆㄱㅇ 마운틴듀 잘 머겄습니다 휑뎅그렁 단어가...,@_€,4주 전
기승전세븐틴이었던 10월,와 근데 캐모마일 실제로 보니까 더 맑눈광 같음 입장 대기 하는 아강이들 1층 구경하는중 아강이들 사진찍으려고 우르르르르 꺼내서 올렸는데 뒤에서 박수치고 환호해주셨다 그 결과물ㅎㅎ 점심은 라지라프에서 세븐틴 타코 콜라와 레몬의 조합이라니 생각보다...,나는 내가 잘됐으면 좋겠다,4주 전
2023년 10월,또백돼지 다행히 기운차린 꾸꾸 뜨뜻한 데에서 찜질시켜주니 또 훔쳐보는 중 맑눈광 입덕하니 다 군대가버리는 몬스타엑스.. 7일 필테끝나구 릴렉스ing 오모니랑 콩나물꾸빱 가족 모여서 치킨보면서 축구먹기 1분만에 골 먹혀서 얼탱무였지만 다행히 이겨따 10일...,수찐이야,4주 전
진짜 이건 못참겠어서 가지고왔어요,친구한테 햄찌 자랑하면서 애기때 사진 보는데 이렇게 귀여운 사진이 많았나 싶더라구요 맑눈광 좀 오래되서 뭐때문에 이렇게 쳐다보고있었는지 기억은 안나지만 아마도 제가 간식을 들고있지않았을까 싶어요 ㅋㅋㅋㅋ 발 들고 자는 햄찌 보셨나요..? 편한자세 맞지...,햄멍,4주 전
안녕하세요 겨을이 왔어요,오랜만에 만나서 ㅎㅎ 이게 청춘이구나아~~ 고등학교 때 친구도 만나고 ㅋㅋㅎㅋㅎ 여전히 귀엽구 맑눈광 그대로인 … 사랑한다 애드라 (급) 지리는 착장 옷만 겁나 사고 싶다.... 힘들어서 초점 나감 근데 어딘가 미안하기도 하고 마냥 신나게 놀아도 되나? 싶었다. 혹시나 또...,이름추천받습니다,4주 전
"October, 2023(3)","전 회사에서 떠난다고 업무정리해두고 열쇠 두고 호다닥 기쁜 마음으로 ""저 가요~~^^"" 하고 오던게 생각나네ㅋㅋㅋㅋㅋ 지난 구역의 맑눈광 1등.. 나야.. 그땐 첫 헤어짐이라 너무 아쉽고 슬펐는데 헤어지고 더 좋은 관계가 된게 새삼 웃기다. 역시 적당한 거리가 행복과 존중을...",Yoonbin-Archive,4주 전
맛있는 거 들고와,갑자기 서로 달리기 하면서 속도 측정하기 갑자기 하고 있는 상황이 웃겨서 저런거야 다음에 안 웃고 할게 나 보러 와줘서 고마워 평일에는 보지말자 또 맑눈광 눈 나올 수 있으니깐 ㅎㅎㅎ 다음에 또 와 또 와잉 밥이 최고야 오늘 초코 안 먹으면 안될거 같다고 마트에서 초코...,♡…,4주 전
OCT,정윤이가 맑눈광처럼 오늘 3차까지 간대서 개무서웠는데 속이 조금 안좋대서 아쉽게도 (^^) 간.술 ㅋ 사실 나만 간술임 애들은 소맥 먹고 나는 별빛청하 먹었는데 간만에 먹르니까 맛있다 싶어서 속도 내버림 정윤이 사촌오빠가 일하고 계셔서 서비스도 받음 문어 모양...,I LOVE MY VIBE,4주 전
10월 BLOG | 지치고 힘들때~ 난 노래를 들어,맑눈광 같아요.. 처음으로 돈 룩 업 찍었는데 이거 너무 어렵다. 딱봐도 처음 찍어보는 티가 났던.. #위아워어스로스터스 배부른 우리에겐 디저트는 사치.. 야무지게 음료수 시켜주고 제주도 여행 계획 짜려다가 머리터져서 그 상태로 스탑.. 아빠 옷 입고 외출~ 집이 좋은 점...,｡॰ꕤ,4주 전
옥탑방의 문제아들 인어아가씨 장서희 근황 리즈 나이 아역 아내의유혹 민소희 대상 동안 재산 결혼 남편...,"악역들은 '맑눈광'이다. 그냥 서늘하게 씩 웃기만 해도 등골이 오싹해지는 것 같다""라고 말했어요 또한, '아내의 유혹' 당시 패러디 열풍을 일으킨 일명 '민소희 점'의 탄생 비화와 함께 '국민 복수녀'가 되기 위해 쏟은 숨은 노력들을 공개합니다 장서희는 평소 자신만의...",럭키,4주 전
"2023 하반기 - 8,9,10월",오리지널이랑 윈지 짝짝이 하나씩 ㅎ 사실 이날 야구보러 간 진짜 이유는 ~~ 바로바로 ~~ 재욱유진 주식 풀매수를 위해서 ㅎ 근데 생각보다 잘 안보여가지공...ㅎㅎ 그래두 귀여웠으니까 괜찮단다 ◠‿◠ 언제나 맑눈광의 누리 누리 너무 조아 난 새로 산 루기니폼(특 마킹없음)...,Drive it like you stole it,4주 전
나를 아껴주기,이젠 없으면 안될만큼 계속 들었던 노래 이 두 노래 + 찬양 으로 가라앉을 때마다 마음을 잘 지켰다 싶다 이날따라 눈이 초롱초롱해보여서 찍었는데 내 맑눈광 다담지 못해찌만.. 네 우선 저는 이번달에 엄청난 체중증가가.. 엄청난 살을 얻었는데요? 그 이유는 바로 빵...,⁺⊹Selah⁺⊹,4주 전
2023年 10月,남이 봤을 땐 맑눈광.. 스파게티를 만들어 볼게요 ~ . . . 쨘 너무 먹음직스럽죠 ~ 데코 할 거 없어서 청양고추로 데코했어요.. ^^ 괜찮죠? ㅎㅎ 술 그만 만포분식 떡꼬치 맛있더라구요 ~ 큐브라떼 굿 나도 드디어 30일 봤다 ~ 첨엔 엥..스러운데 뒤로 갈수록 재밌었다 막걸리 앞으로...,47,4주 전
October 2023 | 말이 안 통해도 음악이 있다면 우리는 지금부터는 아주 친한 친구,뇽안 여러분 ! 세븐틴 컴백 이후로 머리 속에 쿵치팍치만 남은 여성이 돌아왔어요 누가 말걸면 쿵 으로 대답할 수 있음 디즈 이즈 10월의 마무리 블로그 이자 아마도 실질적인 호주 생활 마무리 블로그여요 하도 여행객처럼 돌아다녀서 거의 여행 후기 블로그.. 나중에...,☾,4주 전
2023년 9월의 일상,그중에 맑눈광 언니와 시끄러운 동생들 제멋대로인 우리.. ㅋㅋㅋㅋㅋㅋㅋ 안녕~ 현지는 출근하어 감니다.. 드디어 미루고 미루던 사랑니 발치 완 난왜 안아파..? 그래도 나름 사랑니 뺐다고 .. 저녁엔 퇴사한 채연줌님 만나서 수다삼매경 솔찌키 이제 돌아오세요 급삘받은...,daily journal,4주 전
"2023.10, 맘편히 행복만 하세요",내 블로그를 잘 읽어주는 친구들 중 한 명이 난 다른 사람이 사는 몇 달을 한 달 안에 다 사는 것 같다고 표현했는데 처음 들었을 땐 마냥 재밌기만 했다 기억에 또렷히 남은 말이어서 문득 곱씹게 됐을 땐 참 감사한 일이라고 생각이 들더라 밖을 나가는 걸 좋아하는 내...,사람을 사랑하는 사람,4주 전
영원할 것 같은 남은 기억,해질 때 예쁘긴 한데 이때 운전하면 눈뽕 ㅋ ㅋ 찡찡대서 얻어낸 맑눈광 처음으로 (?) 남매끼리 밥-카페 코스로 감 가을 잔뜩 만끽하기 ~ 기억의세탁소 말고도 좋은 노래가 많아서 요즘 내 플리를 책임져주는 원위 .. 가사도 너무 예뻐 .... 당신과 함께라면 달리 보여 세상을...,youth,4주 전
10월도 끝!,동글동글 하모 맑눈광 칭구들 군침도는 하모 이날 넘 추웠는데 따뜻하게 입어서 살았자나 그러고 나서는 며칠간... 논문수정에 수정수정수정만 계속 이루어짐... 뇽냐님께서 커피를 사서 배달해주셔따..! 흥... 또 감동이다 벼락친 보람이 있을 정도로 괜찮았지만 여전히...,홍댁,4주 전
[10월 일상] 그대들은 그 뭐냐 그거다,이게 찐 맑눈광이지.. 돌아보니 내 잘난 맛에 떠벌리고 살았던 2년 간의 직장생활도 다 다른 사람 덕분에 잘 돌아갔다는 것을 괜히 반성하게 됨. 사쿠라 짱! 희망은 어렵고 포기는 너무 쉬워 헤어질 결심으로 설렁설렁 했던 것의 결과가 두 개나 나와서 두근 토요일 오전...,좋아하면 올리는,4주 전
10월은 러블리해요~,은 저 사진 속 내 눈이 맑눈광같대 밥먹고 나왔는데 발견한 어떤 새..! 올빼미? 매? 알 수 없어서 계속 관찰했는데 사진으로 보니 조형물 아니면 CCTV같앙 빙글뱅글 ~ 아무튼 오늘도 요상한 상암동•••! 아시안 게임~ 제대로 못 봤었는데 이번 축구는 시간 맞아서 드뎌 본다ㅠ...,삐갱의 나날들,4주 전
2023.10 끗,맑눈광 객사 할리스에서 열공하고 집까지 걸어감.. 무서워서 옆에서 좀만소리나도 흠칫하는 찌질녀 ;;; 혜워니가 꿔바로우 맛있다고 한 곳 여기 핫한가요 도서니 집내려갔는데 전주 올라가는 길에 엄마가 싸서 올려보냄 ㅜ 세젤맛 엄마표 김밥.. 단감도 진짜진짜...,41,4주 전
얼렁뚱땅 듕의 일상 . 17,"그려준 맑눈광 듕,, ㅋㅋㅋㅋㅋㅋㅋㅋㅋㅋㅋㅋㅋㅋㅋㅋㅋㅋㅋㅋㅋㅋㅋㅋㅋㅋ 왜 맘에 들어,,? ㅎ 이날 쏘양 집에서 묭이랑 셋이 페이스타임 하면서 촌캉스 가는 거 계획 짰어용 >,< ! 다음날 ! 10.15 점심에 집에서 명란 닭 가슴살 파스타 해먹었어용 ! 은근 잘만들었죵 ?.? 키키...",내가 제일 행복해,4주 전
김정윤 기자 매일 필사하기_트렌드코리아 2024,"매일 필사해야 하는 줄 모르고 블로그에 몰아서 저장해뒀다가 복붙합니다 트렌드 코리아 2024 P. 1~22 DRAGON EYES 인공지능의 시대, 결국은 인간이다. “챗GPT, 2024년 대한민국 소비트렌드를 알려줘."" 17년 넘게 운영 중인 트렌드헌터 그룹 '트렌더스 날 과의 종합 워크숍과 <트렌드...",대구경북아파트,4주 전
Sydney 01,"따고있는 맑눈광의 파란셔츠,,ㅎㅋ 너무 욱겼다 수다 떨다 보니 9시가 다 되었고 불꽃놀이가 시작 되었다 10분 정도 터지는데 예쁘고 재밌게 구경했당ㅎㅎ 숙소 돌아와서 씻고 기절.. 거의 40시간만에 누웠다 ㅎㅎ 알차게 day1 마무리.. 나머지 언제 다쓰조.. 호호 나중에...",cozy,4주 전
인생에 초보운전은 없나요,거제도 여행 추천 X 10000 물론 저어기 땅끝에 있어서 가는데 오는데 허리 뿌사질 뻔 아 참고로 제가 운전하진 않았습니다만 ㅋㅋ 포항항 좀 맑눈광 거제 케이블카 마스코트라네요 산에도 숨겨져 있어서 처키인 줄 알고 비명횡사할번 저번에 더현대 갔다가 빈손으로 돌아온 게...,00:01,4주 전
옥탑방의 문제아들 249회 장서희 이찬원 팬 대세 악역 임지연 민소희 점 단식원 동안 외모 비결,"이어 원조 악역퀀답게 요즘 악역 트렌드를 냉철하게 분석해 궁금증을 자아냈는데 ""예전에는 무조건 소리 지르고 째려보면 무섭다고 생각했는데 지금의 악역들은 '맑눈광'이다. 그냥 서늘하게 씩 웃기만 해도 등골이 오싹해지는 것 같다""라고 말해 모두의 격한 공감을...",꼬부기의 추억여행,4주 전
플레이모빌 정원사 구입 :))/인테리어소품,"자네~ 맑눈광이었네 ㅋㅋㅋ 직각어깨 뒷태도 찍어주고 ㅎㅎㅎ 몇개없는 우리집 식물들 구아바나무, 레몬나무, 올리브나무 그리고 아이들이 학원이나 학교에서 꼭 하나씩 가지고 오는 식물들- 레몬이와 올리브는 한해한해 힘들게 버텨가고 있는 중이다. 그마저 올리브는 이제...",테이블위의 소꿉놀이,4주 전
{김성욱 기자 매일 필사하기 2023.10.31} 트렌드 코리아 2024 31p~35p,이런 캐릭터를 일명 맑눈광(맑은 눈의 광인)이라고 하는 데 밝은 표정과 맑고 초롱초롱한 눈을 가지고 있지만 어딘가 모르 게 다소 엉뚱한 모습을 보이는 사람을 지칭하는 말이다. MZ오피스는 이외에도 회식 가서 고기를 굽지 않는 신입사원 젊은 사원들에게 꼰대로...,대구경북아파트,4주 전
[2310] 자기야 자유롭게 쉽잖은 세상이지만 알잖아 나는 언제나 네 편인 걸,왼쪽 사진은 내가봐도 맑눈광이라 무서워서 가렸다 ??: 연예간부 보러 오셨습니까? / 나: 탱크요 줄을 서도 사람들이 애기들 등 떠밀며 새치기해서 오연이랑 참고 기다렸는데 미군들이 우리가 먼져 왔다며 챙겨주셨다ㅜ 카페가는 길 셔틀타고 나와서 카페 들리기로...,", 쉼표",4주 전
"장서희 ""'미스터트롯' 때부터 이찬원 팬…동질감 느꼈다""","이어, 원조 악역퀸답게 요즘 악역 트렌드를 냉철하게 분석해 궁금증을 자아냈는데, ""예전에는 무조건 소리 지르고, 째려보면 무섭다고 생각했는데 지금의 악역들은 '맑눈광'이다, 그냥 서늘하게 씩 웃기만 해도 등골이 오싹해지는 것 같다""라고 말해 모두의 격한...","연예일상,스즈메각코,일본어종합,voca6000,이승대",4주 전
"도쿄 해리포터 스튜디오, 시부야",도비 졸귀 내 최애 캐릭터 ㅋㅋㅋㅋㅋㅋㅋㅋ 맑눈광의 원조ㅋㅋㅋㅋ 어떤 애기가 도비 코스프레 하는데 진짜 귀여웠움 ㅜㅜㅜ 와 여기가 진짜 미쳤음 진짜 영화속에 들어온 느낌 지팡이 샵이랑 부엉이샵이랑 빗자루샵이랑 다있어 밤 낮 왔다 갔다 하는데 밤 됐을때 조명...,채오니,4주 전
10월. 고된 하루를 공칠이랑 저녁 밥 먹기 위해 버티는 것.,오빠랑 계속 인테리어 영상보다가 극한직업 집짓는거보다가~~~ 그렇게 시간을 보냈다 집에와서 트리도 열시매 칠해주고 월요일 연차내고 맑눈광 모임 예정이였지만 아쉽게도 수뱅이는 개인사정으로 참석을 못했다. 진주락 오랜만에 나들이하니 좋았고 새로운 소주잔도 2개...,rabbit,4주 전
"[일본 여행] 9월 5박6일 도쿄여행 4편 (아사쿠사 센소지, 스즈키엔, 말차, 멘치카츠, 돈카츠 주로쿠...",맑눈광이 된 누네띠내 긴자식스와서 또 지옥의 쇼핑(?)을 합니다... 넘 힘..들...다..........☆ 스시잔마이 본점 기름진 음식과 짠 음식에 질려버려서 진짜 스시 먹기 싫었는데......후... 어쩔 수 없이 스시를 먹으러 왔습니다. 대기 20분정도 하고 들어왔습니다.(대기 대기...,띤띤의 맛집 다니는 일상,4주 전
최근 일주일,"이토준지과의 맑눈광이었을까 아니면 초상화라서 보정이 된 걸까... . 일주일 간의 소비 한 것도 없는데 왜 이렇게 돈이 많이 나갔지? 하고 확인해보니 58,000원이 책값으로 쓰였더라. 책 수집 좀 작작해야 하는데 도서관이 멀어서 어쩔 수 없다는 변명하며 계속 사는 중 언제...",⑨②④,4주 전
똥꼬 / 골든 / 세피아도미넌트 / 남아,집사와 함께한지 1년 반이 되었지만 아직 데면데면해요 ㅋㅋㅋㅋㅋㅋ 겁은 많지만 먹성도 좋은 귀여운 우리 똥꼬 ♡ 집사손은 싫지만 호두는 먹고싶은 저 맑눈광 집사와의 긴 결투끝에 결국 얻어냄 ! 만족의 낼름 낼름 ♡ 귀엽고 하찮은 누렁니 ♡ 보일듯 말듯해서 더 귀여운...,"햄하루 _ 햄스터 , 소동물들과 함께 하는 행복한 하루 ♡",4주 전
"<옥탑방의 문제아들> 장서희, '이찬원' 향한 팬심 고백! '원조 빌런'이 꼽은 대세 악역은？","이어, 원조 악역퀸답게 요즘 악역 트렌드를 냉철하게 분석해 궁금증을 자아냈는데, ”예전에는 무조건 소리 지르고, 째려보면 무섭다고 생각했는데 지금의 악역들은 ‘맑눈광’이다. 그냥 서늘하게 씩 웃기만 해도 등골이 오싹해지는 것 같다“라고 말해 모두의 격한...",나인스타즈,4주 전
손흥민 조규성 이강인 실물 보고 온10월 상반기 일상❤️,연휴 끗 10월 4일 수요일 다들 한 마음 한 뜻으로 눈이 퀭했던 수요일 아침입니다 엄마 해맑게 말하는게 맑눈광 재질 소원 여섯시 이후에 이루어지는거 누가 몰라 ㅜ 경주여행 갔을 때 사고난 썰 푸는데 나보다 더한 언니가 있더라고여 놀랍게도 언니가 보내준 사진 보자마자...,❅*⋆⍋*⋆*I love my daily life❅*⋆⍋*⋆*,4주 전
202310 / 넷째주,유통기한 간당하던 닭으로 콜라가 있길래 콜라 닭찜을 했는데 엄마 친구분이 주셨다는 고구마가 영 심도 많고 맛이 일도 없네 ㅎㅎ 우리집 맑눈광 미누스 얼른 감기좀 나아보자 ㅠㅠ 1028 토 +2452 원래는 김영만 아저씨가 동네 행사에 온다고 해서 놀러가보고싶었는데...,랜선효녀 신변잡기,4주 전
"김세정, 입국장 이 표정에 반할 수밖에~ [포토엔HD]","‘연인’ 안은진, 따숨이 넘치는 표정 [포토엔HD] 감아도 떠도 맑눈광 안유진, 너무 예뻐 빨려들어갈 듯~ (아이브 출근길★) Copyright ⓒ 뉴스엔. All rights reserved. 무단 전재 및 재배포 금지. 이 기사는 언론사에서 연예 섹션으로 분류했습니다. 박해미 “성이 다른 두...","연예일상,스즈메각코,일본어종합,voca6000,이승대",4주 전
사랑스러운 것도 너무 많으면 끔찍하다,"역시 난 뷔페와 안 맞음 돈낭뷔 막이래~~~ (사실이래놓고나름대로푸파ㅋ..) 인사동만의 그 갬~성이 참~ 좃타 난 ^,^ 걷다가 아임그루트 만났는디 너무 맑눈광이던데?; 뉴진스 베개 사서 학교에 들고 다니고 싶었어..... 저걸 들고 다니면 모두에게 사랑받을 듯 걷다가 만난 구름잉...",가을은 식욕의 계절,4주 전
삼육보건대 뷰티 융합과 일상을 기록,지연아 무서워… 우리 중 가장 맑눈광 그녀다. 다들 그녀가 빨리 남자친구 생겼으면 한다. 우당탕탕 특수분장 실습시간 이건 내가 제일 좋아하던 시간인데 그래도 이상하게 실습 끝내고 나면 기가 다 빨리고 그래. 특수분장 수업이 목요일이라 끝나고 거의 술마시러 자주...,민도르륵 굴러가는 하루,4주 전
상록수역PT 빽스짐의 할로윈,맑눈광(맑은 눈의 광기)와 고른 치아 배열의 매력이 어마무시합니다!! 상록수역PT 빽스짐의 할로윈 빽스짐 본오점의 막내 트레이너 이동현 선생님입니다! 떡 벌어진 어깨만큼 떡 벌어진 입이네요!!ㅎㅎ 상록수역PT 빽스짐의 할로윈 이야~ 진짜 말이 안나옵니다! 빽스짐...,안산 PREMIUM 피트니스 브랜드 빽스짐,4주 전
리리 일상 #48 I am 독감이에요,"ㅠ 시골 와서 신난 아이 여기 오면 맨날 똥 치우는게 일이여 쫑아,, 똥 치우는데 걸리적거리니까 가라 개킹받게 하는 맑눈광 쫑이 각자 노는 중 우리 애 점프 실력 좀 보세요 캥거루가 따로 없네 발로 차는거 아니고 하도 달려 들어서 블로킹 하는건데ㅠ ㄹㅇ 1도 안먹히고...",리 블로그,4주 전
싱어게인3 본선 1라운드 진출자 77팀 명단 프로필(ft. 본명 나이 출생일 고향 학력 데뷔 소속그룹 소속사...,"나는 맑눈광 발라드 가수다: 1R 탈락 ▷이세연: 슈퍼스타K2 TOP6 46호. 나는 산골 가수다: 1R 합격(8A), 2R 승리 ▷신해솔: 찐 무명 / 장학퀴즈 출연자 47호. 나는 변태 가수다: 1R 합격(7A), 2R 승리 ▷테종: 찐 무명 48호. 나는 빅뱅을 이긴 가수다: 1R 탈락(2A)...",백오천하,4주 전
베베드피노ㅣ티그레 스트라이프 맨투맨&니삭스,몸통이 워낙 없어 넉넉하지만 100했으면 팔이 짧았을 것 같다. 사진엔 없는데 티그레 조끼랑 진짜 찰떡 ⁽(◍˃̵͈̑ᴗ˂̵͈̑)⁽ (티그레 조끼 진짜 너무 귀여움 휘뚜루마뚜루 채고) 맑눈광같지만 한두개씩 신상은 꼭 ...ㅋㅋㅋㅋㅋ,하니랑,4주 전
10월(2),i love you 3000 안 쳐자니까 거실로 가서 대자로 뻗어 자는 명품이 귀여워 꼬질꼬질해 ㅋㅋㅋㅋㅋㅋㅋㅋ 나에게 기 쪽 빨린 연주와 나 같아 나 저렇게 맑눈광스러워? 벌써 크리스마스 맞이하는 현백무역 크리스마스라니ㅜㅜㅜ 또 1살 쳐먹네 치플레 영접 근데 인스타에서...,oneure,4주 전
허망조차 허망하더라,"요즘 말로 ""맑눈광"" 그 자체였다. 김강우님의 연기도 여전하시더만은. 10월 말이면, 눈이 올만도 하지 않을까. 오늘은 한국에 눈이 와 주면 좋겠다 싶었다. 눈이 내린다 차갑고 포근하게 세상을 덮는다 누구든 용서할 수 있다면 아무도 죄를 묻지 않는다면 이런 밤이리라 유병록...",혼자놀기,4주 전
울어라 내일은 없는 것처럼,늘어져있다가 공부하러 나가는뎅 맑눈광 사이비가 붙잡길래 뿌리치고 왔다 진짜 눈이 맑았다 팀장님처럼 기분이 너무 안 좋으니까 단걸 집어넣어서 도파민이 나오게 해야했어 그래서 오레오를 사서 입에 한가득 넣고 와그작 와작 씹었어 허무하게도 기분이 좀 좋아짐...,So0o0o0o0o,4주 전
영화 리뷰 <그대들은 어떻게 살 것인가> 스포와 주관적인 해석,"가장 인상깊었던 비호감 캐릭터 큰할아버지를 대표로...(맑눈광) 아트와 음악, 사운드 믹싱 등 아름다운 연출과 장면이 많아서 감탄하며 봤습니다. 처음 주인공이 불이 난 엄마의 병원으로 달려가는 장면에서부터 놀라웠습니다. 꿈을 꾸고 있는 것만 같은 기분이었습니다....",이거 재밌어요,4주 전
10월의 끝,우리 맑눈광 문어씌를 보면 기분이가 좋아져요~ 또 밥먹으러 출발 얼마전부터 타코가 너무 먹고싶어서 노래를 불렀는데 드디어 소원성취했당. 옛날에 베트남 놀러갔을때 오빠랑 먹은 타코를 잊지못해..그 감동의 타코보다는 별로였지만 그래도 쏘쏘 타코 옆에 퀘사디아랑...,j,4주 전
2023년 4월,했던 기억이ㅋㅋㅋ큐ㅠㅠㅠ 에라이 아 글고 태집 처음 가본 날이네 엄청 좋아서 놀랐었어 오 저때의 나 꽤나 맑눈광이었군 4/10 집단적 독백 지림 여의도 한강공원! 처음으로 한강공원 가본 날! 가서 치맥했지롱 저녁되니까 갑자기 꽤나 쌀쌀해져서 추웠음 아 한강 또...,헬룽,4주 전
독일에서 면허따기 3. 신청,교수님이 자꾸 미루는 바람에 논문을 아직 한줄도 못썼기 때문에 맑눈광으로 압박하는중이다. 그럴때마다 교수님이 수업하다말고 리온아 오늘은 내가 꼭 답 줄게 하고 코멘트를 달아줬는데 그렇게 약 한달이 지나 결국 그 결전의 날이 오늘이라는 뭐 어쩌고 저쩌고. 암튼...,리온라이프,4주 전
일기장희동.zip,스키타는 꿈 내 간식인쥴 쒸익 좋다 말았네 맑눈광 룰루 산책할때 귀는 쫑긋 누나한테로 새로운 장난감 아주 맘에 드는구만 이 마사지샵 잘하네 시원~~~허니 좋구먼 안불편하냐고 묻지마세요 최고로 꿀잠자는 중이니까여 날이 너무 더워서 쪼금만 산책해도 바로 기절하던 7월...,일기장희진,4주 전
콩콩,날려버려라 맑눈광 개인지 .. 장원영인지 .. 수상할 정도로 끼 잘 떠는 개가 있다? 경기 보다가 마음이 넘 힘들어져서 먼저 나옴 이너피스를 위한 육회 고생많았슴다 랜더스 뽀동이랑 더현대 다녀왔다 밥 먹으러 더현대 #sooty 핏물 괴기 러버라 로스트 비프 먹으러 감 라자냐랑...,夏,4주 전
가을이 돌아왔다.,훈이 오빠랑 현이랑 셋이서 봐찌롱 달 보고 신난 우리 내가 토마스씨에게 선물로 저 곰돌이 출입증 다는거 줬는데 인증샷 찌거보내줬는데 넘 귀엽네 날 항상 웃게 만드는 서옌씨 맑눈광이시네요 당신. feat 임윤아 빼꼼 우리 실습조 칭구들 새 옷 드디어 왔다... 한 삼주만에...,졔씨의 하루,4주 전
자작 샌즈 이브의 설정입니다,"이브닝: 맑눈광입니다(광기캐). 이브와는 정반대라고 보시면 편해요. (이브닝은 미술 분야에 관심이 많지 않습니다. 싫어하는 것은 아니지만요.) (이브닝이 원래 성격입니다.) 취미- 각종 공예(이브 한정), 뭐든지 때려부수기(이브닝 한정) 좋아하는 것(이브): 각종 공예, 귀여운...",언더테일 한국 커뮤니티,4주 전
스타게이저 건망고님이하신 스타게이저 위험도짤,낭숟:쫀심토론 욕구편 영도보고 B에서 S로 올라감 하야테:영상 몇개보더니 말없이 S에 박아버림 우고:우루나민영상보고 충격먹어서 A 팔칠:맑눈광 이하얀:순수함 근데 여미새라 E는 못가고 D,에라이 월드 :: 팀 에라이 팬카페,4주 전
무근본 갑자기 진행하는 30문답,"자주 사용하는 이모티콘 오우 맑눈광 양파쿵야씨와 잔망루피씨 26. 블로그해서 좋은 점 추팔 쌉가능~~ 나도 기억 안나는 일 기록 할 수 있음! 친구들이 재밌어 함, 적다보면 시간 잘 감, 내가 제일 많이 볼 수 있음. 27. 만약 밴드에 들어가면 담당할 포지션 보컬이 제일...",Eine schöne Pflaume.,4주 전
행궁동 디저트 카페 개울 귀여운 개구리 수원이샌드 수원 여행 기념품 선물용 쿠키 추천,"뽀짝함,,, 맑눈광 재질 ㅋㅋ 종이 쇼핑백도 심플하고 귀엽쓰 나의 쿠키를 기다리며 루프탑에도 올라가봤다 루프탑 뷰는 그냥 정겨운 행궁동 동네뷰다 ㅋㅋ 슬쩍 내려다보면 요미우돈교자 웨이팅 볼 수 있음 날이 쌀쌀해서 보온 텐트같은 거 설치되어 있었음 쾌청해서...",NASCHKATZE ='ㅅ'=,4주 전
빨리 감기⏩⏭️/마지막 연휴 즐기기,"동참)/ 맑눈광 아니고 그냥 킹눈광...? 이 녀석, 꽤나 당돌하다 아빠랑 오빠랑 셋이서 자전거 탄 게 얼마 만이지 아니 타본 적은 있었나?? 어릴 땐 수목원이 가까워서 인라인스케이트나 자전거 타고 가족들이랑 자주 놀러 다녔었는데 그때 사진이 별로 없어서 머릿속으로만...",물고기처럼 ~ ~ ~ ᜊ,4주 전
주말과 워크샵이 한 주에 있었지만 힐링 그 자체였던,팀장님 해물라면 드시고싶다해서 코스에 나오는 칼국수 라면으로 바꿨는데 해물이 아~무것도 없다 밍숭맹숭 내 맘 싱숭생숭 남당항에서 만난 꼬질견 얘 진짜 귀여워 귀여워2 근데 이 친구 분명 저렇게 눈 뜨고 있었는데 나의 숙련된 마사지를 받더니 으로 변함 옆에...,끄적이는 내 일상,4주 전
08.20. 여수 당일치기,엄마가 이 사람 저 사람 물어뜯는 더러운 닥터피쉬 그만 하라고 얼른 손빼라고 뭐라 했음 ㅋㅋㅋㅋㅋㅋㅋㅋㅋㅋ 꼬리로 포옹 중인 로맨틱 해마 스마일 물고기(혈앵무?)라는데 그냥 맑눈광 같다.. 인스타 갬성 포토스팟도 좋쟈나 아쿠아플라넷의 하이라이트 중 하나인...,일상을 다채롭게 :D,4주 전
오 나의 순두부 멘탈이여,"맑눈광이라는 단어가 생겼듯이, 요즘은 외유내강의 시대인 것 같다. 눈은 반짝+해맑은 웃음 장착인데 뭔가 건들지 말아야겠다는 느낌이 드는? 반면에 나는 외강내유에 더 가까운 사람같다. 첫인상으로는 차가워 보인다는 말을 듣지만 안으로는… 크림치즈마냥 푹 찍으면...",가보자고!,4주 전
눈을 맞추고 나를 선명하게 비춰줘,ㅎㅎ) 이거 보니까 배진솔 진짜 까탈레나 지금도 생각나네 귀 나갈 뻔했음 ㄹㅇ ㅋㅋㅋㅋㅋㅋ 진짜 맑눈광.... ㄷㄷ 하••• 또 보자 엔믹스••• 끝. #4_회식은_거들_뿐 회사 간담회 겸 회식하러 고양 간 날 .ᐟ 고양고양이 ㄱㅇㅇ ㄷㄷㄷ (사진에 애정이 하나도 없어...,민구믿구,4주 전
요거보고 되게 웃겼네ㅋㅋ,"맑눈광까지는 아니더라도.. 순수한 광인의 느낌이드는 신입사원 ㅋㅋ 나도 그랬으려나.. 정말 모르겠는 눈빛.. 신입시절이 생각나고, 식은땀 나던 엣 생각이 절로난다",아이디어뱅크,4주 전
강아지장난감 노즈워크 분리불안 해소까지 (feat 할로윈),"이구역 펫인플 답게, 새로운 신상 참~ 좋아하고요~ 역시나 이번 신상도 맑눈광 찾으셨!!! 향부터 맡고 시작해볼게요~ 음~ 스멜~~ 펌킨 허수아비 부터 시작해볼게요! 이것부터 반응을 보여서 빠르게 좋아하는 사료를 넣어드려봤습니다~ 호박 옆에 간식을 넣을 수 있게 줄이...",모카와 함께하는 방구석 LIFE.,4주 전
대만 자유여행 - 대만버스투어 예스폭지 (1) 예류지질공원 스펀 천등날리기,ㅋㅋㅋ 바이바이 예류~ 제 눈빛이 맑눈광 같네요 ㅋㅋㅋㅋㅋ 토과장이 자디말디 난 나의 길을 간다.jpg 헤어디자이너와 소통에 실패하여 앞머리 실패했던 저 시절.... 스펀에 도착했어요! 하늘을 보니 천등이 훨훨 많이 날라가고 있네요 :) 스펀은 핑시선 기차가 오가는...,BURILOG : 혠부리로그,4주 전
제 63회 아름드리 꿈그림 벽화그리기 봉사활동 후기,바닥 현수막에 맑눈광 아저씨랑 자꾸 눈마주쳐요··· 깔고 앉기가 부담스럽다 ··· 마무리 시간 3분 남아서 열심히 칠하는 중ㅠ 다들 자기가 맡은 색 끝내고 다른 색 받아서 하는데 특히 1조에 빠진 사람이 2-3명이나 돼서 시간도 빠듯하고 .. 일손이 부족했던 것 같다 다들...,동인데요,4주 전
싱어게인3 - 무명가수전,41호 오프닝 건너뛰기를 막은 가수 42호 가위손 가수 김지수 스타 오디션 위대한 탄생 시즌 1 TOP 4 43호 위대한 가수였던 가수 손진영 스타 오디션 위대한 탄생 시즌 1 TOP 4 44호 600만 명을 울린 가수 정유진 걸그룹 디아크 출신 싱어송라이터 45호 발라드 가수...,인생은 재밌어야 한다.,4주 전
[ 2023년 8월 ] 폼미쳤다,더욱 맑눈광된게 뽀인투ㅋ_ㅋ 아놔ㅋㅋㅋㅋㅋㅋㅋㅋㅋㅋㅋㅋㅋㅋㅋㅋㅋㅋㅋㅋㅋㅋㅋㅋㅋㅋㅋㅋㅋ 혜원아 잘그렸다 인정이다ㅋㅋㅋㅋㅋㅋㅋㅋㅋㅋㅋㅋㅋ 뭐야 왜따라해~~~~~ 먹짱클럽 모여‼️‼️‼️ 달사진은 갤럭시 못이김… 그래도 아이폰이 짱이지^_^ 누가 매장에서...,땡경쓰 2학년8반인디٩( ᐛ )و,4주 전
"[시부야] 도쿄 시부야 디즈니스토어 방문후기 디즈니스토어에서만 파는 제품 추천, 디즈니스토어 면세",커다란 곰인형도 귀여운 아이들이 많았는데요 특히 디즈니 공주를 컨셉으로 한 아이들이 진짜 귀여웠어요 뭔가 맑눈광 느낌의 공주들... 신데렐라는 12시라 돌아갔고 나머지 얘들은 남아서 무도회 악깡 정신으로 버티고 있는 느낌이랄까... 3층에는 아이들용 디즈니 공주...,나둥너랑 ♥,4주 전
[부산/대티] 부산 괴정 대티 맛집 오두리할매 셋째딸 연탄쭈꾸미(+웨이팅 팁),"무려 17번째 였습니다 ㅋㅋㅋㅋㅋㅋㅋㅋㅋㅋㅋㅋㅋㅋㅋㅋ 17시 오픈, 17시 도착인데 17번째 깜짝 놀랄만한 웨이팅,,, 1시간 기다려서 6시 15분쯤 들어갔어요 돼지한테 가혹한 기다림 귀여운 외모와 맑은 눈의 쭈꾸미 맑눈광✨ 메뉴는 요렇게 구성되어 있어요! 저희는...","안녕, elly",4주 전
다이어트 변천사+이모저모,예전사진보면 정말 죄스러워요ㅠㅠㅠ 아직도 감량이 필요하고 더 해야하지만 다이어터 친구들 모두 화이팅입니다!!!!!❤️ + 그외 이모저모 공벌레 (꼬리눌림 주의) 죽은 쥐 사이즈미스...우주선 넥카라 맑눈광의 쌀알 베개 성애자...다른 친구들도 베개 좋아하나요?...,P.E.L(펠) - 반려동물은 사랑을 먹는다,4주 전
[계절의 위로] 나를 무시하는 사람을 한 번에 제압해버리기.,"""~이 말이 무슨 의미야?!"" 대신 표정이 정말 맑눈광 ㅎㅎㅋㅋㅋㅋㅋㅋㅋㅋㅋㅋㅋ 저도 나중에 이런 일이 생기면 한번 써먹어봐야겠어요!! 많이 당황할 수 있겠지만 상대가 저를 깎아내릴 권리도 의무도 없어요. 우리가 그런 대우를 받을 이유도 없고요. 그렇기 때문에...",심청사달,4주 전
뚜벅이탈출과 베스트 드라이버는 한끗차이,"운전연수의날,,ㄷ ㄷ ㄷ 엄마가 급히 끄적임 ㅜ 와중에 대충 쓴 멘트 왕웃김 맑눈광재질 아잉교 ㅋㅎ 엄마,, 나,, 안전한 거 맞아? 날씨는 운전하기 딱 좋은 날 ㅎ 운전연습하고 안산 넘어왔는데 엄마가 집 갈땐 나보고 운전하라함 ㅠㅠ 와중에 단풍 물든 거 농협은행,, 상록수...",✧•*¨*•.¸¸♪,4주 전
"해피팡팡 강아지생일케이크, 수제간식 4종세트","10초~15초 정도 데우고 살짝 식혀주면 강쥐들 먹이기에 알맞아 지는 듯 그냥 환장함 강아지 치킨은 살짝 가루날림이 있는 편이다 렌지에 살짝 돌리고, 숟가락으로 으깨서 급여했다 그냥 줬더니 입에 물고 자꾸 돌아다녀서 온 집안이 가루천지 될까봐 ㅋㅋㅋㅋ 김돌체...",Eunalog,4주 전
용산,넘 비싸서 사진않고 사진만 찍어둠 ㅎ 그리고 레고샵 구경하는데 푸 레고가 진짜 귀여웠거덩요 근대 저 토끼가 너무 킹받음 아니 진짜 맑눈광처럼 생기지않음? 무슨일 생기면 손에 저 당근으로 머리 후려칠거같이 생김 그리고 벨리곰 팝업? 같은게 있더라구뇽! 너무너무...,BLOG,4주 전
애들아 다들 망각 깨러가자,옆집 맑눈광 무려 600성옥이라고,붕괴: 스타레일 공식 카페,4주 전
낭만이랑 배좀 타자 좀,교슈님이 사주셨슴요 그럴 줄 알았으면 더 비싼곳 예약할걸 ㅎㅎ 맑눈광 생선 영선이가 사준 거울 수상하다 요즘 앞머리에 빠짐 썩은 제주하늘 음료 (애완동물) 푸하하 개미친 계경.. 진짜 천국의 맛임 아아 우리 42 012 실포 양치 개존맛.. 이러니 내가 학교 다닐때...,복세편살,4주 전
아이콘 받는 애니메이션을 못 봤네요 ㅠㅠ,- 타게시판에 질문글 작성시 무통보 삭제 - 다른곳에서 거래후 생기는 문제를 다플에 글작성시 무통보 삭제 맑눈광 마멧치 아이콘을 받긴 받았는데 ㅠㅠ 어떻게 받았는지 모르겠구... 그냥 있네요 ㅠㅠ 흙흙... 귀여움..... 첫 아이콘이라 그런지 애니메이션 놓친게 자꾸...,다마고치 플러스+,4주 전
"weekly log 69, 231022-1028ㅣthat girl",시험기간에 정신건강이 온전하지 못한 상태에서 작성한 관계로 글이 이랬다 저랬다온전치 못하다는jom 양해부탁해휴ㅕ 1022 매주 디폴트 값 요즘 이러고 살아요 매일 아침 저녁으로 운동하고 공부하고 일하고 발발발 집안일도 하고 그냥 누우면 쓰러져 잠 아주 피곤한데...,Memory Store,4주 전
23[독서] 트렌드 코리아2024 김난도 외 미래의 창,"33 'MZ오피스', 맑눈광(맑은 눈의 광인) 35-36 워케이션, B2E(기업이 내부 구성원을 대상으로 제공하는 상품과 서비스) 40 요즘 기업들에게는 온 보딩만큼이나 '오프 보딩'의 과정도 중요해졌다. 41 『유연함의 힘』의 저자인 수잔 애쉬포드 유연함의 갖기 위해 필요한...",호기심 많은 사람의 하루,4주 전
9월 지민,천재맑눈광 후쿠오카 호르몬!!!!!! 미친놈임 개맛잇음 헉헉헉 또 가고 시퍼 근데 비싸 I am 거지에요~ 웹툰 볼때마다 웃겨죽겠음 @정성혜 @청강 우리 떵혜 좀 잘부탁해… 요즘잘자쿨냥이 통몼짜핫도그 했빘 고양이 사진에서 꼬순내 난다 킁킁 뭔 자취하자마자 창문 빼먹음...,정정정,4주 전
{비 오는 날 극복법} 동기들과 전에 막걸리 마시기,재밌음 언제나 맑은 눈으로 바 동작을 아무렇지 않게 동작을 보여주시는 교수님처럼 맑눈광이 되는 날이 오길 바라며~ 다음 뮤지컬 댄스 수업을 기다리는 수지… 바통 터치 하지도 않았는데 벌써 죽어있네. 참바지락칼제비 오랜만에 또 비오는 날 동기들과 전에 막걸리 다들...,낭만찾아 띵가띵가,4주 전
10.29 HIPPO chocolate 먹고싶어서 그림 | 포토샵 | 브러시,"지금은 새벽 2시~ ^.^ 먹고싶다..ㅋㅋㅋ 맑눈광 느낌 무엇? 암튼 귀엽고 재미있어서 좋았고, 내일 꼭 먹어야 겠다는 다짐을 하며! 드셔보신분들 저랑 소통환영해여 !!! : ) 10 . 29 좋아하는 초코과자 그리기 어떤데 | 포토샵 | 브러시 | 연필느낌 - YouTube",BEAR JIHEE지희,4주 전
10월,기만자들아 윤주가 나 아니냐며 찍으라 했던 ‘동태’ 맑눈광? 그런거 모릅니다 그저 동태 그 자체이다 다정한 째리 우리엄마보다 날 더 잘아는 째리 ~~ ♡ 수족냉증 템 보이면 저렇게 보내준다 ㄱㅇㅇ 넵 아직 시월이 끝은 아니지만 쓸 겨를이 없을것 같아서 미리 업로드...,You never know,4주 전
그대들은 어떻게 살고있어?,서윤이와 홍대 뿌쑤기 챌린지 여긴 ㄹㅇ 맛집이야 웨이팅도 개 길어 ㅋㄹㅋㅋㅋ체인소맨?에서 나오는 친구 같은데 뒷머습만 찍힘ㅋㅋㅋㅋ당근같에 홍대에 코스프레 하고 오시는 분들 많드라 나 너무 맑눈광처럼 나옴ㅋㅋㅅㅋㅎㅋㅋㅋ 영어 노래 개 마니 불렀다는..나 가사...,minjujo0526님의블로그,4주 전
제 12회 이데일리 W 페스타 생생한 현장 속으로,"마지막 토크쇼는 세대공감 OX퀴즈로 20대 대표 맑눈광 김아영님과 30대 대표 유꽃비님 40대 대표 이성배님 50대 대표 강윤성님의 의견을 들어보는 시간이었어요. 요즘 MZ세대들과 기성세대들의 입장차이에서 자주 나오는 문제들이었는데, 세대별 뿐만 아니라 네명의...",tommy timing,4주 전
집 나간 건강 찾기 프로젝트,"산책하면서 찾은 다음에 가고 싶은 가게들 공유합니뎅 맑눈광 철수 우하하 간단하게 술 마시러 원래 금욜 아닌 평일에는 잘 안 가서 다들 めずらしい라고 놀라셨다 내가 적은 포스트잇 저렇게 명찰 안에 넣어주신 게 감동 포인트,, 나 이제 초면인 사람들과 밥 먹으러 가는...",애옹이는 애홍애홍,4주 전
마!,'맑눈광' 비 오는 날의 스카이 캡슐 분위기를 담아낸 사진이랄까.. 숙소로 돌아가는 지하철.. 뭐해..? 광안야행 숙소에서 누워있다가 저녁 먹으러 나갔다 술 종류도 많고 새로 생겨서 깨끗했던 '광안야행' 메뉴가 조금 비싼가?했지만 그래도 맛있게 먹었다 다 먹어서 계산하고...,Jim_In_Luv,4주 전
하루만 더 쉬고 싶어요,회식 끝난 엄마를 만나서 카페 대신 하늘이 간식가게 갔다 간식 앞에서는 맑눈광 눈빛이 생기가 넘치다 못해 살아있다 요즘 블로그 포스팅할 때 최강야구보는데 신인선수라길래 눈길이 한번 스-윽 화 퇴근 후 먹은 허니브레드 매우 오랜만에 먹었는데 맛도리 느끼해서 4조각...,hyeniday,4주 전
P들의 베트남 여행기 '괜찮을까~?' (1),"기내식 냠..(맛은 쏘쏘~ 바라지도 않았음!) 맑눈광 ""언제 도착해"" 도착했는데 이심이 작동하지 않아서 약 한시간 정도는 내적 식은땀 광광 흐름 ㅜ 괜찮을까~? 외국같다 한국같다.. 환전하러 롯데마트(다낭점) 방문 진짜 한국인 짱만타! 한강(다낭점) 이름이 똑같다. 모 흐르다...",서른으로가는문,4주 전
이강인 불어 과외비 100만원,"질문은 질문 게시판에 작성해 주세요 수다세상에 질문글 작성 시 무통보 삭제 될 수 있습니다 이강인에 진심인 맑눈광 파비앙 ㅋㅋ ▣ 몰스에서는 서로에게 최소한의 예의를 지켜야하며, 광고, 악성댓글, 상처를 줄수 있는 댓글, 비방글, 확인되지 않은 마녀사냥이 될 수 있는...",● 몰테일 스토리 - 쉽고 빠른 해외직구 ●,4주 전
[강아지 간식] 존배의 보헤리 서포터즈 마지막 활동이야기,"보헤리 열빙어에 눈돌아가 맑눈광이 된 존뱌 존배의 최최최애간식 보헤리 동결건조 열빙어는 무려 한봉지에 열빙어 50p가 들어있는 대용량 사이즈로 오래두고 먹을 수 있어서 죠아 보이시나요? 알이 꽉 찬 속이,, 자, 여기서 보헤리 열빙어가 특별한 이유...",세상 소중한 내 존배ෆ,4주 전
Reflection,현타와 신기?) 맑눈광곰탱이가 들고 있는 저 쏠라C가 선물인데요 너무 귀엽죠 1. 고려은단 2. 식품안전 관리인증 이 정도면 꼼꼼하게 살펴보고 샀죠?^^ [10/19] 여. 러. 분. 저 스우파 콘서트 갑니다~~~~~~~~~~~ (소리 지르지 말고 박수 쳐~~~~~) 사랑하는 소꿉친구가 티켓팅에...,.,4주 전
[맑눈광] 맑지않은 눈의 직장인이 추천하는 광화문맛집모음기록(23.10 3주차),바로 맑눈광 시리즈~~~~~~~ 맑지 않은 눈의 직장인이 기록하는 광화문 맛집 23년 10월 3주차 기록 지금 시작합니다. 광화문 음식점... 이번주~ 맑눈광~ 추천은 음식점은 황생가칼국수 카페는 스태픽스 지극히 개인적이고 지극히 주관적이고 완전히 내돈내산 그 잡채인 23....,여행가고싶은 직장인,4주 전
[홍대 팝업스토어] 굽네 플레이타운 후기/신메뉴 마라 고추바사삭 후기,귀여운 것 같음 맑눈광 치킨 맛 평가하자면… 맛있다 색다른 치킨 먹고싶을 때 사먹을 의향 있음 마라맛이 나면서도 부담스러울 정도는 아니라 좋음 개인적으로 고추바사삭보다 맛있는 것 같았음 고추바사삭이 생각보다 내 취향이 아니라 그런걸수도 피자는 콘치즈피자?...,일기장,4주 전
이모저모,개학하기 전 교복받았을때 반에 유일한 친구 임소연이 개학하기도전에 코로나 걸려서 외로웠을시절 나에게 온 현은채 ㅠ 매점 뭘 째려봐(아마 임소연 째려봤을듯) 임소연 왤케 귀엽게생겼었냐 맑눈광짤 벚꽃 벚꽃 축제 주연국어단짝 건강검진 우리의 역사가 시작된 날...,Hi,4주 전
10월 29일 일요일 일기,고작 한시간인데? 맥주로 목을 축이고 사진 고르기 타임~~ 나는 맑눈광 양파쿵야 사진을 원했는데 딱 골랐다 캬캬 이런저런~~~사는 얘기~~ 고민 등등 실컷 얘기하고 기분좋게 배부르고 나른한 상태로 헤어졌다. 즐거웠어 얘더라~~~~ 오늘 일기 끝!,먹고 놀깅,4주 전
3월에 간 태국 여행(이보다 알찰 수 없으세요),"틈틈이 인서타도 봤지 맑눈광좌 넘 귀여워 대친이가 베이스 프렙이라고 면세로 싸게 샀는데 좋다고 영업 엄청 해서 소분해 가져온 것도 발라봤다 어디 건지 물어보려다가 그냥 귀찮아서 안 물어봤는데 담날 이렇게 인서타 광고가 뜸,, 근데 인서타 진짜 무서운 게 대친이가...",Wallrufairy,4주 전
"사진으로 기록하는 10월.,.｡ｏ,.｡ｏ,.｡ｏ✿",시험 끝나니 행복해요 끝나기 전엔 불행해요 ㅎ 동태눈 / 맑눈광 =시험 전 후 우리 별 게 다 재밌는 시험기간 별 게 다 맛있는 시험기간..(진짜 맛나지만..)갈비 치킨 붕어빵 끝 광란의 뽀삐보. 호홋••이후에 시간이 된다면....마음이 생긴다면 ... 멘트를 쓰겟어요 조금...,The season of blue,4주 전
61,- 약간 맑눈광 재질이다. 갱의 블로그 첨부하기 나도 너 거에서 가져와야지 생각하면서 쓰고 있었는데 너도 그러면 어떡해? 이날 대화 진짜 웃겼는데 의식의 흐름대로 말해서 기억이 안 난다. 그리고 크로스핏 데려다주면서 갱 : 그거 있잖아 너와 나의 열쇠고리 혤 : 어 맞아...,༺♥༻⠀,4주 전
요새 나의 힐링템,근데 진짜 저 웃는얼굴 너무 행복해보이지 않나요 하 귀여워 나도 저렇게 암생각없이 맑눈광으로 살고시프다 쿼카 웃음보고 다들 월요팅 쿼카 너 오늘 내 머리맡으로 pick 차마 모자이크를 안 하기가 그렇다 저기 원래 쿼카 세마리가 걸려있었는뎁쇼 인마이포켓 했습죠 다들...,옐로그 ¥,4주 전
왜가리 낙서,주인공 감정이 상대적으로 다른캐릭터들에 비해 안드러나는 느낌 MZ세대 맑눈광 생각났다...뭔가...뭔가 대부분은 무표정이라서 무슨 생각을 하고있는지 잘 모르겠음. 그래서 얘가 왜 이런 행동을 하지? 라는 느낌이 간혹 든다. 2. 뭔가 갑작스레 화면 전환되는 연출 감정선이나...,ㅎ ㅏ ㄴ ㅡ ㅣ,4주 전
#23년 10월# 이번 가을은..꽤 길다(?),출근길에 본 맑눈광 고양이 외출 절대로 허락 안 하는 깐깐한 사감 같음ㅠ #30일 보고 옴 이런 류의 영화 올만이라 나름 굳.. 진짜 가볍게 보기 좋은 코미디 vod로 봤어도 ㄱㅊ았을듯 그나저나 정소민 너무 이쁨 언니랑 #천안히노아지 메뉴 이름은 기억 안 나는데 너무 만족한...,Kong_log,4주 전
사직동두피관리 잘하는 느낌좋은 스킨 금단비가,완전 맑눈광이 되어버렸지 뭐에요 ㅎ 목 뒤에도 봉 같은 걸로 시원하게 케어해주시니 머리가 확 맑아지는 느낌 ! 두피케어 받고 나니 뭔가 얼굴라인이 확실히 리프팅되면서 붓기가 빠진 느낌이라 진짜 이건 꼭 받아야겠구나 싶더라고요 ㅎ 두피 관리 후엔 정돈할 수 있도록...,Enjoy your life ❣️,4주 전
[세븐틴끼리카톡하기]청춘쪽지 00. 청춘은 바로 지금,19살 - 행운고 밴드부 '세븐틴' 보컬 담당 - 맑눈광. 윤정한을 빼놓고 광기를 말하지 마라. - 동생 : 부승관 홍지수. 19살. - 행운고 밴드부 '세븐틴' 보컬 담당 - 맑눈광2. 면접 때 이상한 춤 추고 보컬로 합격함. 문준휘. 19살 - 행운고 밴드부 '세븐틴' 드럼 담당 - 덩치는...,체리 자바머거˙Ⱉ˙,4주 전
9월 대만 가오슝 자유여행/가오슝 맛집/가오슝 우육면/삼우우육면/항원우육면/대만 현지식 오리고기...,"뭔데 맑눈광 ㅋㅋㅋㅋㅋㅋㅋㅋㅋㅋㅋ ㅋㅋㅋ 대만 맑눈광 인정 오리 덮밥 ? 60 NTD 스몰이고 빅은 70 NTD 그럭저럭 향도 없고 먹을만 했땨 간장 소스도 자작하니 적셔 먹움 꿀 수프 약간 갈비탕 맛 같은건데 가격 기억 안남 ,,, 메뉴판에 왜 가격 안보이냐 ㅠ 한자는 모르겠고...",Inspire you,4주 전
주현영 닮은꼴 근황.JPG,맑눈광 닮은꼴 만남 https://www.dogdrip.net/518248407 ㅋㅋㅋㅋㅋㅋㅋㅋㅋㅋㅋ,바이크튜닝매니아 오토바이 스쿠터 중고장터 배달 유머글 바튜매,4주 전
이해하라고 강요당함,시끄럽다고 햇더니 역시나 사과고 나발이고 그정도는 참아줘야한다며 이해를 강요하네요 역시 충소충들은 낯짝도 두꺼움,층간소음과 피해자 쉼터,4주 전
대행해주는 프로그램,그 전 차수들은 다 재미가 없어서 잘 안봤는데 {슬픈건 더 보기가 마음아파서 보다보면 울게 되어 우울해지거든요....} 어제 재방 보는데 놀이동산 편에 맑눈광 인 여자분 이랑 토실토실 귀여우신 남자분 둘이 놀이동산 알바체험 하는데 완전 너무 재미있어서 에~ 에~ 하고...,"베베블룸★육아,공구,핫딜,맛집,결혼,임신,교육,건강,쇼핑,체험",4주 전
[팬아트라 하기엔 에메한 팬아트]real 맑눈광 아이네님,이세돌 팬아트 수위 규정 : https://cafe.naver.com/steamindiegame/4685397,왁물원 :: 종합 거시기 스트리머 우왁굳 팬카페,4주 전
2023년 제54회 전국의대테니스대회 후기 by 윤지원(혜화캠),"어제 정기훈련에서 경험하니 무서웠던 맑눈광의 멋있는 어진 선배님 2-3. 경기 후 상대팀과 훈훈한 마무리, V_V!!!!!! 제게 이번 대회는 '내년에 꼭 나가야겠다'는 결심을 한 계기가 됐습니다. 예과 동안 전의테를 출전해보지 않으면 이후에 후회가 남을 것 같다는 생각이...",경희의대 TOPSPIN,4주 전
주인공은 의자입니다만,주인공은 의자입니다만 보관이 버거운 피규어 의자 마피아 미사키에게 딱! 분위기 극과 극 유노아 둥이 근데 유노아 손파츠 어떻게 빼요? 죽어도 안 빠짐 ㅋㅋㅋㅋㅋ 그리고 둘이 왜 얼굴 크기 다르죠?? 옛날 유노아가 더 소두라 예쁘네요 유노아 이런 애들이 더 무서워오,INTEGRITY TOYS.,4주 전
갬성 맑눈광 애플,"세계 최대 모터스포츠 f1에서 제가 제일 좋아하는 선수와 그가 달고 뛰는 44번을 각인으로 넣었습니다. 각인을 넣고 주문하면, 연결화면에서 각인까지!! 똑같이 나오네요ㄷㄷㄷㄷ갬성을 대하는 애플의 광기","아사모 -[아이폰15 / Plus / Pro / Max, 아이패드, 애플워치]",4주 전
오목이는 맑눈광?!,원래 오목이눈 한층더 초롱해진 모습!!!,아일렛 온라인 한국 커뮤니티,4주 전
이 임티 볼때마다 킹받음,난 이 임티를 제일 좋아함 초롱한맑눈광짭곡가,제5인격 공식 카페,4주 전
예능 추천,러닝맨을 안봐서 광수가 얼마나 웃긴 캐릭터인지 몰랐는데 말하는 센스가 장난이 아닌게 괜히 예능신이라고 불리는게 아니였어요ㅋㅋ 김우빈은 또 왜이렇게 잘 웃고 진지한테 털털하고 재밌냐고요..도경수는 맑눈광 느낌ㅋㅋ 김기방도 웃기고 ㅋㅋ 너무나 무해한...,캐나다 맘스톡,4주 전
뜬금 스매커추천!,냅다 미로룸으로 끌고가는걸 보니 너무 마음에 들었나봐요 맑눈광 가자 지옥으로!!!!! 요고의 정체는 비타폴 곡물 그려진 스매커!! 혹쉬나 스매커 편식하는 햄소토가 있다면 요거 한번 먹여보셔요!ㅎㅎ 오랜만에 기호도 좋은걸 찾아서 행복하구만요♥️,햄멍,4주 전
사랑하니입양원하니그럼 클릭하니,행동사의 미쓰진= 지우 행동사의 아이돌= 하니 얼마전 가족을 만나 너무 너무 잘살고 있는 연필이와 지우를 만나고 왔어요. 지우 어머님이 손수 정성스레 떠주신 목도리를 선물로 주셨는데 어쩜 이렇게 깜찍할 수가...???? 의젓한 잘생긴 연필이와 차분하고 청순한 지우와...,행동하는 동물 사랑,2023.10.26.
나는솔로17기 영식,같은 맑눈광같은 또랑또랑 눈 크고 이런 타입 안좋아하는데 묘하게 빠져들어요 매력있다..❣️ 계획형 인간 짱좋네여 ㅋㅋㅋ 파워P로써 맛집리스트 막 준비해놓은거 멋있어요 반해벌임 이번 기수 사람들은 직업들이 다 반전이네여 ㅋㅋㅋㅋ,엄빠도처음이야 - 핫딜/체험단/후기 맛집,2023.10.26.
너무 이쁘고 귀여웠던 아름이 아기 시절❤,맑눈광 아름이 눈 쪼그마한 아름이 애기 이빨 아르미 애기 시절 너무 귀엽고 이쁘죠ㅠㅠ,에버랜드 동물원 주토피아 - 판다/호랑이/사자/기린/곤충/사육사,2023.10.26.
시간가는 줄 모르는 돈치치 임보 2일차,"닭가슴살엔 맑눈광이 되는 돈치치 잘 때가 되니 척 붙어서 쉬네요. 집안 생활이 매우 익숙해보여요. 사랑도 많이 받은 것 같고 줄 줄도 아는 돈치치. 네, 1초마다 귀염 발사 중입니다. 귀염이 DNA의 99%인 듯. 저랑 출근하는 데도 너무 신나요. 세상이 너무 궁금해요. 음대를...",사단법인 용인시동물보호협회[(사)용보협],2023.10.26.
마술사 양파쿵야 닮은거 같음,뭔가 은은하게 초점이 없는거 같고 인게임 이미지 때문인지 살짝 미친거 같기도 하고 맑눈광 이미지가 있달까 뭔가 닮은거 같아..... 옆집에 동파쿵야를 넘볼 수는 없지만 보다보면 느낌잇달까...그냥 그래 그렇다고,마피아42,2023.10.26.
사무실에서 계속 지저분(?)한 소리를 내는 상사분 ㅠㅠ,"신경안쓰려고 마음을 다잡는데 한번 신경쓰니까 계속 신경쓰이네요 ㅠㅠ 60대 부서장님이 제 자리 바로 옆에 계신데 종일 뭔가를 드시면서 쩝쩝대는 소리, 트름하는 소리, 이빨사이에 음식물을 빼는 듯한 소리 등등 ㅠㅠ 그런 소리가 남들한테 피해가 되는 지 모르는 거...",●디젤매니아● 대한민국 일등 패션 커뮤니티 디매인 DMAIN,2023.10.25.
[스테디셀러] 대전/천안/청주 지역분석 및 중소도시 투자 노하우 뚜또 튜터님 특강 및 실시간 코칭 후기,다른 분들과 마찬가지로 1호기를 하기 위해서 맑눈광이 되어서 투자 단지를 찾고 있습니다. 그쯤에 뚜또 튜터님의 대전/천안/청주 지역... 저도 최근에 맑눈광이 되어서 투자 물건을 찾으러 다니다보니 드는 생각이었는데.. 와.. 내가 4월에만 왔어도 진짜 바닥 잡을 수...,월급쟁이부자들 (직장인 재테크 부동산 스터디 경매 파이어족),2023.10.25.
[10월 24일 뱅송 후기],초롱초롱해서 맑눈광 같았다네~ 나중에는 호박에 줄도 그어주고 유령 옷도 입혀주면서 더 귀엽게 꾸며주기도 했다네~ 옷입은 유령들은 머리카락도 생겼다네~ 아침부터 잔잔하게 데코를 하고있으니까 뭔가 일처럼 느껴져서 싫어하던 포키쨩이었다네~ 그래서 잠쉬 쉬기도할겸...,포키쨩 팬카페 ＃ 연중무휴 포차,2023.10.24.
믿고쓰는 무늬오징어에기 구매 초이스!.,"<무늬오징어에기 : 쭈꾸미 갑오징어 무늬 오징어 에기 세트 보관 케이스 야광 요즈리 에기, 3.5호에기10종+보관집> 주상욱, 고정 욕심에 맑눈광 모드→이수근 1㎏ 무늬오징어 신기록 (도시어부5)[어제TV] [유망 낚시터] 연안 에깅터로 초강추!_영덕 축산항...",를사랑하는 영공주,2023.10.24.
낙서라도 괜찮으시다면...,이건...오늘 눈 채색강좌 보고 한건데 그냥 맑눈광이 되버린...비운의 그림2입니다...ㅠ 이때까지만해도 느낌은 좋았다구요ㅠㅠㅠ 어째서 비운의그림밖에 없는진 모르겠지만 다음번에 각잡고 그려올게요...ㅎㅎㅎ,레볼루션:하트 공식 팬카페,2023.10.23.
"2023.10.22 아이네님 다시보기(명태/감 나무위키, 와우 하드코어 서버 3일차)",01:44:04 하고 싶은 말을 말로 정리해서 전해주는게 좋은 챤님 01:45:00 맑눈광 표정 짓는 아이네님 01:47:02 뢴트님 때려준다해서 기분 좋아진 챤님 01:47:26 아이네님한테 옷과 1골드 준 챤님 01:48:03 세상에 없는 셔츠 디자이너 01:48:47 말 꺼내고 아차차...,왁물원 :: 종합 거시기 스트리머 우왁굳 팬카페,2023.10.23.
"✅ 23.10.22 챤클립 ( 아이네님, 징버거님 ) ✅",맑눈광 표정을 지으시는 아이네님 챠니의 말을 회피하시는 아이네님 마네쟈 땜에 속 터지는 챠니 아이네님 반응 아이네님 서울 가면 나머지도 다 따라갈 거라는 르르땅 : 그러다 챠니 집 터지는 거 아니에요...? 챠니의 그 썸네일을 보신 아이네님 챠니의 버튜버 30문답...,왁물원 :: 종합 거시기 스트리머 우왁굳 팬카페,2023.10.23.
"[모열이] 실전경험담 필사 #1 500번의 고민 501번째 선택, 나의 1호기 [숨유지]",1년 반동안 5천 시간을 투입했는데 '그저 그런' 투자를 하고 싶지 않았습니다. 이때부터 제 눈은 '맑눈광'으로 변합니다. 본격적인 매수 스토리는? 2탄에서 만나요~ <월부에서 꼭 읽어야 할 BEST 추천글> ☆돈 벌 기회가 다가오고 있습니다☆ https://cafe.naver.com/wecando7/9408389,월급쟁이부자들 (직장인 재테크 부동산 스터디 경매 파이어족),2023.10.23.
10/21 방송후기,화이팅 맑눈광 본계 첫번째판! 네온레이나 엔트리 듀오가 같은팀 인종차별유도해서 게임 던지게 만들었지요 거기에 소바도 그렇게 케어 다해줬는데 계속 던지는거 아쉬웠다에요 근데 상대팀도 던지네..? 어우 머리아파 ㅋㅋㅋ 게임 진행 따라가기 힘들다에요 여하튼...,몽총이의 직박구리,2023.10.22.
신청 마감,"♣︎신청 양식 : ♧리퀘: 출처/ 좋아하는 이모지 ♧캐디: 키워드 최소 5개 이상/ 좋아하는 동물 * 양식 잘 지켜주세요!!! ♣︎모집 인원 : nn명 ♣︎ 기타 사항 : 자캐 외 캐릭터, 중참, 링크 받지 않아요! ♧조건- 그림 받으시고 댓글 남겨주실 분♧ 리퀘를 해드리면 마음에...",네오아카데미,2023.10.22.
2023.10.14 ~ 10.22 아이네님 관련 왁굳형/챤님/르르님/버거님 클립,/ 어차피 생길 문제는 생기더라고요 : 죄송한데 맑눈광이신가요? : 아싸! 넌 이제 죽었다 뢴트게늄! : 아이네 언니한테 옷 좀 줬거든 / 나중에 10배로 갚아 : 이제 저 셔츠를 디자인한 분은 이세상에 없으셔 말 꺼내고 아차차 싶은 챤님 : 야!!!!!!!! 뢴트게늄!!!!!!!!! 아우!!!! 속 터져!!...,왁물원 :: 종합 거시기 스트리머 우왁굳 팬카페,2023.10.22.
팬에게 피규어를 선물받은 맑눈광 김아영.jpg,Pgr21 - [유머] 팬에게 피규어를 선물받은 김아영.jpg,"위트랜드 [유머,만화,음악,창작,서브컬쳐] 커뮤니티 입니다",2023.10.22.
안녕하세요.,"닉네임 / 이름 : 맑눈광/진광호 ex ) 길똥 , 홍길동 2. 생년 / 성별 : 1980 / 남자 ex ) 1999 , 여자 3. 거주지역 / 주라이딩 코스 : 서구월평동 / 마티고개 ex ) 서구 , 조동슈퍼 4. 자전거 브랜드 / 모델명 : Scott foil ex ) 스페셜라이즈드 , 타막 5. 라이딩 경력 : 1년 ex )...",ORORA 오로라 (대전자전거동호회),2023.10.22.
AI프로필 릴레이 2,접니다 ㅋㅋ 맑눈광 같네요 ㅋㅋㅋㅋㅋ 릴레이 2에서 끊기는건 아니겠쥬??,해루질초보~,2023.10.22.
제 그림체..어떤가요,"-짧은 글(내용이 너무 짧거나 사진만 업로드)은 성의 없는 글로 간주합니다. 단원 간에는 존댓말을 사용해주세요. -절대 ""친목"" 글은 하지 말아 주세요! (이벤트 포함) 그림 그린게 딱히 없어서 옛날꺼랑 낙서까지 싹싹 긁어왔습니다.. 제 그림체 어떤 스타일인거 같나요..?",레볼루션:하트 공식 팬카페,2023.10.21.
움짤) 팬에게 맑눈광 피규어를 받은 SNL김아영,사실상 아영클롭스,더 콥스 - Liverpool Football Club,2023.10.21.
‘이것’ 때문에 젓가락질 고쳤다는 맑눈광,‘이것’ 때문에 젓가락질 고쳤다는 맑눈광 &,이투유i2u (이슈·투자·유머),2023.10.21.
시댁에서 우리며느리들중에는 엄마아빠모실며느리는없는거같다고....ㄷㄷ,저한테 직접적으로 말씀하신건아니고요 ... 신랑통해서 우연히 들었어요. 평소에 시어머니가 며느리들한테 서운한게많으신가봐요 예를들어 시댁에오면 살갑게 못한다. 같이 술한잔안한다.(이건 저도 형님도 평소술마시는데요 시댁에서는 안마셔요 신랑이랑...,"인천 아띠아모 (인천맘 대표카페, 인천지역 공식랭킹 1위카페)",2023.10.20.
뭔데 이 아줌마,새 여심 잘나왔다 싶어서 캡쳐 촥촥하고 있는데 뭔데 이 아줌마ㅋㅋㅋㅋㅋㅋㅋㅋ 갑자기 나타나서 워후!!!!!하며 뛰기 시작함 체감상 1분동안 저러다 사라졌습니다 맑눈광 그 잡채,월드 심즈,2023.10.20.
[프로필릴레이] 더 이상 미룰 수 없다!!! 윤 프로필입니다 :),특기 파트너 쳐다보기 그래서 퍼댄 내 별명이 맑눈광ㅇ_ㅇ 잘 쳐다보지만 민망함과 어색함을 못 이기고 자꾸 웃습니다 허허헣ㅎ 그렇다보니 로들의 오해를 사기도 하는데요ㅠㅠ 오해하지 마세요 우리 로들 잘하고 있어욥!! 최고최고 5. 이상형 / 이성의 설레이는 행동은?...,"가장 트렌디한 커플댄스 동호회(살사, 바차타), 라스트댄스",2023.10.20.
"[사과맛애플] 칼럼필사#20 - 매물코칭,",-현장에는 사장님들이 가지고 계신 장부 물건이 있고 맑눈광만 캐치 -목표 매수가와 전세가를 확실히 정하고 이 기준에 따라 행동해야 부사님에게 휘둘리지 않고 싼물건을 살수 있다 A물건 호가 2.8억->조정 2.8억 점유인: 집주인 매도사유; 상급지로 이사 B물건...,월급쟁이부자들 (직장인 재테크 부동산 스터디 경매 파이어족),2023.10.20.
세상 어느 곳에서도 난 너라고 말해,떴는데 맑눈광 소리 들음 제가 그렇게 생겼나요? 됏어나도이제눈예쁘게안뜰거야 엄마가 나를 돌멩이로 저장해놓음 원래 다른 거였는데 내가 보는 앞에서 바꿈 엄마 다시 되돌려줘.. 전화번호 가려야 하나? 가릴게요 이상한 전화 받기 싫엉 안녕너진짜되게많이정말귀엽다...,ꢭ,2023.09.30.
[투바투 최수빈 빙의글]첫사랑 한 스푼 上,"맑눈광이라고 하던가. 그녀에게 딱 맞는 표현이었다. 그 눈망울을 빛내며 열기를 뿜어내는 게 위협적으로 보이기까지 했다. 까만 동공에 비치는 게 오직 저 하나뿐이라는 것이 소름이 끼칠 정도였다. 당연히 대처는 해 보았다. 똑같이 노려보기도 해보고, 대놓고 물어보기도...",Run Away with me,2023.09.30.
취준생 생존일기(41),전문가의 도움을 받는다 맑눈광의 권위자 출처: 유튜브 '아이레놀' 하지만 여러분 눈가를 생기있게 만드려면 돈이 필요하다는걸 아십니까? 이렇게 된 이상 '광'컨셉으로 화면 밝기만 최대한으로 올린다 뽀샤시 효과로 포토샵 대체 전화 도중 면접관 한분이 그 쪽에서도...,민수네,2023.09.30.
230930 꿈소리.,그렇게 모든 사람이 중앙홀에 모였으며 맑눈광 아영님이 한 명씩 사람을 확인했다. 누군가를 찾고 있는 듯했다. 다들 눈이 잘 안 보이시는 듯하다. 내 차례가 되고 난 무사히 통과. 그리고 사인도 해달라고 부탁드렸다. 나중에 이 사인이 요긴하게 쓰일 수도 있을 거란 생각에!...,"스윗금귤, 소소한 일상",2023.09.30.
다들 연휴 잘 보내고 있나요 !!!! ✨,돌아오다가 휴게소에서 라면까쥐 ㅎ 근데 이번 여행 내내 차만 타면 바로 자서 체감상 집에서 부산 1시간밖에 안 걸리는 느낌ㅋㅋㅋㅋㅋㅋㅋㅋ … 반박불가 다음날 비몽사몽하게 학교에 갔슴당 태규야 … ㅋㅋㅋㅋㅋ 요즘 김한서 미쳤다 진짜 너무 웃기다 뭐만해도...,YERIMLOG,2023.09.30.
8월 정산,맑눈광 검은 고양이 가족 So CUTE 그리고 만난 산리오 실바니안... 전 이 존재를 모르고 있었고 쪼개자 쪼개자 이랬으나 결국 무산... 뭐 언젠가는 갖게 되는 날이 오겠죠? 그리고 거기서 찾은 예쁜 실바니안들... 비싼건 다 이유가 있더라구요 마음이 아프고 내 지갑이 아파서 못...,+♥+:;;;:+♥+:;;;:+♥+:;;;:+♥+:;;;:+♥+,2023.09.30.
9월,갑자기 냅다 회쌈 짠을 하자는 소민띠 소민이는 내가 본 애들 중에 제일 맑눈광 갑자기 손도 저렇게 잡아서 이게 머지? 핸 그리고 포토이즘도 찍어주고욤..(보고시푸) 저건 뭐냐면 김세령 얘 자꾸 나한테 깻잎꽁다리 나한테 버리맨 짱나게;;; 글케 2차에서 5병으로 마무리하고...,はじめまして！,2023.09.30.
20230930,약간 맑눈광 느낌 다음날 점장님이 맘 바뀌기 전에 얼른 뭐 좀 먹고오라고 하셔서 푸드코트에서 호다닥 밥 먹기. 아니 여기 떡볶이랑... 진짜 울 엄마 맑눈광 중에 한명이라고 백설탕을 찾은건 탕후루를 위한거! 이게 탕후루 만들던 마지막 알인데 저기 붙어서 안떨어져융.....,─･ ｡ﾟ☆: *.☽ .* :☆ﾟ. ─,2023.09.30.
틈만 나면 교구제작,"하늘이랑 다정히 있길래 찍었는데 포비가 찐 맑눈광이었다 하늘이 크기 실감하고 가세유~ 편의점 간 아빠, 동생 기다리기 연어 사려다가 안 샀는데 담아놨다고 자랑하면서 뿌듯해 하는 게 진짜 킹받 마트 간 엄마, 아빠, 동생 기다리기 와플 먹고, 고기 먹고, 육포 먹고, 연어...",☘️,2023.09.30.
* 잔디밭에 누워,뒀지 맑눈광 미리미리 해야지 냉장고를 부탁해 ! 보바쮸 시짝 아자 아자 ~ .. 변선배 귀여워죽겟네 .. 나 이제 냉청 혼자 해야대 ㅋㅋ 더 열심히해야지!!!!! 코스 끝나면 .. 더 .. 더 .. 짠 ! 하고 나타나서 ! 으웅 … 힘내자 간만에 찐웃음 히히 사랑해 난 너 밖에 없는 거 가타힝...,다가온다 셋 둘 하나,2023.09.30.
님들 이게 보임?,그럼 가위는 뭐임? 엌ㅋㅋㅋㅋ 미방용 맑눈광,관종대왕 궁,2023.09.30.
[盟] 2023년 09월 29일 봉사후기,<막내> 마음 열기 제일 힘들어 보이는 <지구> <원일이>도 갈 길이 멀어요 맑눈광 <남길이> 미남 진돌이 <하루>도 갈 길 멀고... 과하게 예쁜 <강산이> <바다>는...음.... 약간 저기압 <단테> 영국신사 <꺽새> <밍밍이> 깐죽깐죽 <다크>바라기 <오월이> <토미>가 요즘 제일 불쌍... <로즈...,::::: 천사들의 보금자리 :::::,2023.09.30.
83%..,근데 내가 자꾸 하치들 내밀어서 첨에는 걍 맑눈광이라고 관심없다고 하더니 하며들엇음. 좀 귀여워하시는것같기도?? ㅎㅎ 밥 먹고 나왓는데 주심. 아놔 이런 거 조아하는 2n살 바로 뜯어서 입에 털어넣어줌 자자 오빠들 찾기 챌린지 드가시조 5초 안에 찾으셔야합니다 현재는...,New 156,2023.09.30.
가을 냄새 fall fall,귀여운데 맑눈광이라 살짝 무섭 멋진 자세로 한 컷 고기 파뤼 근데 느끼해서 땡초 그득 넣고 밥 비벼 먹음 엄마랑✌ 삼촌이 기프티콘도 줬음 커피로 바까무야지 수많은 시행착오 끝에 드디어 14cm 다 떴다 애증의 대바늘 연휴 연속 4일 출근 중 첫 번째 와라 주휴수당아...,빈로그 binlog,2023.09.30.
베피 티그레 룩~~~,———(필독)메모인증 안하면 무통보삭제——— https://cafe.naver.com/lovehayden/4001403 맑눈광이지만 입혀놓으니 귀엽네요ㅋㅋ,헤이든 [ 수입 키즈패션 플리마켓 ],2023.09.30.
일상에 일상...,밀당최고야 우리 콩이 눈 봐줘 맑눈광 그잡채야 인생은 콩이처럼 햄코랑 개구리 오늘임 대타했음 아..후회막심...힘들어...흑흑 개구리꼬셔서 영화보기로함 개구리 마이달링 햄코는 마이허니하자. 깔깔깔 귀여워 싸우는 것 같지만 서로 귀여워하는 거임 졸귀탱들 내 옆에서...,꾸룩아~노올자아!,2023.09.30.
1947 보스톤. 관전 포인트. 노스포.,맑눈광 임시완 연기 ㅋㅋ 3. 국뽕 차오르는 서사 - 실화 바탕이라 안 오글거리고 오히려 더 갬동 4. 실제 보스턴 마라thon 경기 재현하며 드라마틱한 경기 내용에 감동(실호ㅏ) 5. 약간의 반전도 있음ㅋ 6. 적당한 신파. but 시대적 배경에 따른 실화 이야기라 거부감 no 저는...,●디젤매니아● 대한민국 일등 패션 커뮤니티 디매인 DMAIN,2023.09.30.
[230930] 뮤지컬 <문스토리> 스포⭕️,하는거 넘 ㄱㅇㅇ ㅋㅋㅋㅋㅋㅋ 살짝 맑눈광ㅠㅠㅠㅠ 황이랑 용 둘도 잘하는데 내가 상상했던 황용이 아니라 그냥 몰입이 좀 안됐고.. 연기가 좀 어색했다 정도? 용 너무 귀여워가지고 초연 안본거 땅치고 후회함... 물론 그땐 머글이었지만.... 본진이 용하는걸..못봣다니ㅠㅠ...,이재 일기장,2023.09.30.
얼렁뚱땅,먹으니깐 정신이 또렷해짐 맑눈광 됨 저의 OOTD 입니다만? 지은이랑 예빈이가 귀엽다 해줘서 기분 좋았뜸 이 천사들아 보고있니? 설거지 하기 귀찮아서 맨날 구석탱이에 있는 조구마한 도마 갖고옴 재은이 아무 생각 없이 엉뚱한 짓 하는 거 너무 킹받고 웃김 조주 재미써...,2612,2023.09.30.
선함과 ‘맑눈광’ 사이 배우 임시완 “지금은 내 ‘결과값’ 찾는 중”,선함과 ‘맑눈광’ 사이 배우 임시완 “지금은 내 ‘결과값’ 찾는 중”,"대동맘 - (No.1 대구 동구 맘카페 - 육아,교육,지역소식,대구맘)",2023.09.30.
선함과 ‘맑눈광’ 사이 배우 임시완 “지금은 내 ‘결과값’ 찾는 중”,선함과 ‘맑눈광’ 사이 배우 임시완 “지금은 내 ‘결과값’ 찾는 중”,♡왕숙맘 대표카페♡(왕숙러블리맘 신도시카페 왕숙1.2지구),2023.09.30.
순천 | 최승은 딱 기다료 !,"눈이 너무 맑눈광 같아서 모자이꾸 ㅋ 어쩔건데 ㅋ 배 좀 꺼자트리고 방문한 호수공원 근처 감성카페 박호수 엘레베이터 없는 건물이었고, 3층 ! 올라가는 길도 감성넘쳐.. 내부 감성도 미쳤고요 ? 뭔가 일정하지 않은 배치에서 오는 안정감..? 나 모래니 ? 여기 메뉴판이 되게...",천방지축 어리둥절 마리미의 블로그,2023.09.30.
"230930 '힙하게' 수호, 10% 시청률 끌올..선악 공존 '완벽 맑눈광'","230930 '힙하게' 수호, 10% 시청률 끌올.. 선악 공존 '완벽 맑눈광' 한편, 이번 주 종영을 앞둔 '힙하게'는 30일 밤 10시 30분 JTBC에서 방송된다. #EXO #SUHO #김선우 #수호 #김준면 #JTBC #힙하게",나의 처음이 너라서 :),2023.09.30.
츄치심 컬렉션 [9월 30일 영도데이] [허니컬렉션],(와 허츄 나쁘네~) 28번 사진 | 맑눈광 츄러스 29번 사진 | 혁명동지...! 드디어 욘치동무의 영상을 올리시는구나야! 30번 사진... 64번 사진 | 맑눈광2222 자 료 정 보 자료명 : THE CHURROS COLECTION 1 : Chuchisim 제작일 : 2023.9.30. 유 형 : 사진(이미지) 저작권 : 영리적 이용...,허니하이브 [허니츄러스 팬카페],2023.09.30.
Ep.14 기상-자유시간-취침,우연히 맑눈광 언니의 영상을 봤는데 요즘 맨날 붓기도하고 여드름도 스멀스멀나서 미친척하고 도전 당연히 실패했다 여드름? 짜면됨.ㅋ 수빈이랑 도희만나서 지난 3년동안 있었던 일 3시간 압축해서 말하고옴 (얘들아 블로그에 이름써줬다~) 조숩인 화장실간...,하잉~.~,2023.09.30.
"괴물사변 애니 추천, 이거 재밌음 보세요! 2기 나왔으면","제 최애는 노비마루 입니다♀️ 꼬박꼬박 존댓말 하는 것도 치이고 평소에는 맑눈광이었다가 싸해지는 얼굴이 일품. 특히 입가의 점이 너무너무 매력적이다~!! 원작 마루도 냠냠굿임 귀여웡~ 인성은 보장 못 해도 비주얼은 확실한 여우 밀집구역. . . 괴물사변은 왓챠, 라프텔...",♡♥ 이제 니 인생 살아 ♥♡,2023.09.30.
퍼슬덩 3회차,그리고 나는 모든 팀의 팬이 되었다..... ) 극장판에선 산왕이 그 모습이라 진짜 맴아픔 애기 빡빡 맑눈광 우성 글구 개인적으로!!!!!! 더빙 - 자막 봤을때 더빙 가장 잘된 캐릭 = 정우성인것 같다 아 이번엔 갑자기 더빙 보고싶네 띠발 ㅜ 산왕 얘기로 극장판 나오면 안되나?...,보물상자,2023.09.30.
"[육아일기] 생후1444일 ~ 생후 1450일(자전거타기,2학기학부모상담,레인보우수영복)",왜 내딸에게서 맑눈광이 느껴지지.. ? 폭죽 발사!!! 허리에 두른 손은 또 뭐냐고ㅋㅋㅋㅋㅋㅋ 개귀욥 키노에 올라온 체력증진대회사진 중심 잘잡고 서있네 자기말로는...자기가 일등이라는데 약간 허세같아서 믿을순없음 D+1449 지영이랑 올만에 헬로방방 여기서도 물고기...,리미RiM_리미의 일상,2023.09.30.
1947 보스톤,+) 임시완 배우의 맑눈광에 빠져들었던 야밤. 손기정 서윤복 남승룡 슨상님 요즘 나의 큰 즐거움은 친정에 애들 내려주고 가끔 남편이랑 꽁냥 거리며 심야 영화 보러 가는 것. 콘크리트 유토피아 이후 두 달만. 엄마 매번 고마워요,치유의 글쓰기,2023.09.30.
광주 북구망월동 강아지랑 가볼만한 애견동반 캠핑식당 감나무캠핑,아빠랑 딸이라고 하면 다 왼쪽이 딸인줄아는데 왼쪽이 아빠임 올해 11살 오른쪽이 mz세대 맑눈광 3살배기 딸임니다.. #광주애견동반 #감나무집 #광주캠핑 #광주글램핑 #강아지산책 고기도 야무지게 먹고 ~ 간식도 야무지게 먹고 ! 고드름 아이스크림 진짜 너무맛잇..... 마무리는...,포메포유 / 포둥맘 블로그,2023.09.30.
한강뷰 글램핑 바베큐 와이키키마켓 가격 예약없이 당일방문가능,깍뚝썰기로 잘라서 구워주시고~ 고기굽기 장인 이성용씨 멋져 연기때문에 난 난리부르스 치는데 맑눈광상태로 고기굽던 당신… 당신을 고굽장으로 임명할게요 삼겹살까지 2팩 들고 나타난 성용 이거 언제 다 먹어 했는데 다먹은 우리 거기에 한강라면까지!!!...,sunday_mood,2023.09.30.
9월 이달의 기록,맑눈광 딩고.. 안 하면 자꾸 알림이 온다. 4일 연속 기록을 모두 잃어버리는 건 정말 아쉬운 일인데요 막 이래ㅜ 얘 충청도여 옛날에 토익 책 샀던 거. 그걸로 단어 공부하고 있다. 단어 게임이 있길래 그걸로 하고 있음 즐거운 추석 명절. 알바 때문에 오래는 못 있고 한 이틀...,먼 시간을 걸어 결국 또 한 번,2023.09.30.
"동대문 모루인형, 태양이네 온라인 주문 후기:)",이번엔 만드는 방법을 바꿔보았더니 얼굴이 통통하게 됐당 눈은 전부 4.5mm로 구매했다 특별한 고래의 고양이눈 캣아이나 태양이네의 라운드 아이 4.5mm가 제일 마음에 든당 ㅎㅎ 약간 맑눈광st! 이번에 구매한 모루로 만든 3총사 완성 ! 모루 1개로 인형 1개를 만들면 이 정도의...,きっとうまくいくよ,2023.09.30.
9월 일상 2학기 개강 및 즐거운 학교생활,[9월 일상] 수업 듣기 싫었던 친구가 옆자리 동생 가방에 달린 키링을 찍어서 톡방에 보냈는데 어쩌다가 단체로 프사맞추고 깔깔거린 날 쿼드러플 사막여우 살짝 무서운거 같기두 하고 ㅋㅋㅋㅋ 안녕 단점 : 누가 얘기하는건지 바로 확인 불가능 키링의 정체 ...,오감만족 인생여행기,2023.09.30.
추석 연휴 달밤에 동기부여(ft. 부동산이야기),"ㅎㅎ 나보다 1살 어리지만 일찍 결혼해서 아이가 꽤 큰데 '부동산' , '경매' 단어만 나오면 훈남이미지에서 갑자기 맑눈광으로.... 동족의... 신혼일상에 적응도 되고 있으니 이제 슬슬 다시 부동산 공부를 좀 해볼까 싶었는데 맑눈광 사촌동생 덕분에 제대로 동기부여가 되었다....",아라로즈의 행복한 재테크 기록,2023.09.30.
포켓몬스터 소드실드 핫걸 위주 리뷰 #2,이런 맑눈광 쾌남 좋아합니다.... 음하하 와하하 웃는 쾌남 좋아합니다.... 근데 쾌녀는 사 랑 합니다. 쾌녀를 사랑합니다… (세라 마스미 환장) 제발 내라 쫌. 얘는 형아 존경할 때 진짜 귀여움 ~ 격투 타입 깼어요 ~ 귀욤박살 채두 언니 등장 카포에라 너무 귀여움...,Interstellar,2023.09.30.
방학 돌려내..ㅋ,따주심ㅋㅋㅌㅌㅋㅋㅋㅌ 맑눈광 미친놈들;; 개무섭다.. 2차로 사랑방 갓는데 어떤 아저씨가 여기 김치전 진짜 맛잇다고 자기가 사줄테니까 꼭 먹어보라고 하면서 진짜 결제해주고 쿨하게 떠나심ㅋㅋㅋㅌㅌㅋㅌㅋㅋ 개웃ㅅ겨ㅋㅌㅌㅋㅋㅌㅋㅋㅋ 그래서 아싸 하면서 먹엇는데...,얼렁뚱땅뚱땅,2023.09.30.
230929 즐추,다들 파이팅넘치네 아무리 그래도 좀 외로우니께(...) 오늘은 카톡도 좀 했다 피자 50판은 쏜 듯 ㅋㅋㅋㅋ 덕분에 고모들한테 칭찬받음ㅋㅋㅋ 잘 하다가 막판 두 시간은 정말 맑눈광 눈까리 표정으로 공부했다 너무 힘들어가지고 시험 한 달도 안 남은 사람들의 대화... 당연히...,오리지날 인생탐험기,2023.09.30.
230929 오늘의 인피니트,윷 던져서 말 칸에 따라 미션도 하고 ㅋㅋㅋㅋㅋㅋㅋㅋㅋ 성규 진짜.ㅋㅋㅋㅋㅋ 아니 이 캡쳐 성종이 정말 맑눈광처럼 나왔다.. 장남이 팀이 너무나 승승장구 함 가운데 우현공주의 마법이 통하는 듯...ㅋㅋ 뉴 이모션스 컴백 라이브 때 공주 아이템은...,The Day After Rain,2023.09.30.
팔굽혀펴기 무릎안대고 한번에 61개 with 6kg,기분이 나쁘지 않았다 역시 운동 오래하려면 광기 든 변태기질 이 확실히 필요한 것 같다 난 둘 다 있으니까 나쁘지 않은 것 같다 특히 나의 광기는 타고난 편이다. 근데 나는 맨날 피곤에 쩔어있으니까 맑눈광(맑은 눈의 광인)은 못하겠고 피눈광 (피곤한눈의광인 ) 해야겠다,BARTIST 바티스트 (닥치고턱걸이) Street Workout & Calisthenic,2023.09.30.
새로운 시작 어쩌구,"근데 아무리봐도 기자느낌은 아닌고 같어ㅋ 그래도 맘에 듭니다 껄껄 단지가 일했던 세컨드원 바질토마토에이드 단지가 만든 거 치고 진짜 맛있엇움 화장 공들여서 한 김에 셀피❣️ 지금 보니까 안광 지리네 맑눈광같당,, _ 가운데 달려 있는 클로버가 기여움 단지와 우정...",Wavyyy_line,2023.09.30.
Monthly 짐니 #2023-9호,해도 욕 먹고 안해도 욕 먹고 일찍 끝내도 욕 먹고 제때 끝내고 애기가 짐 싸느라 2분 늦어도 뭐라하고 이래서 사회인들이 다들 킵 씨발 킵 고잉 이라던가 맑눈광이 된다던가 그러는것 같고 . . . 지금 때려칠거 아닌데 어쩌겠어요 킵*•.¸♡♡¸.•* 킵 고잉 해야죠 첫 4시간...,Helianthus,2023.09.29.
[일본/후쿠오카 교환학생 D+15] 사랑하는,인적자원 듣는데 잠이 진짜 미친듯이 와서 맑눈광 마냥 눈 부릅 뜨고 팔뚝 꼬집어가며 버텼다 교수님이 나랑 눈을 안 맞춰주시더라 딱 10일만에 도착한 나으 카드 이제 통장 안 들고 다녀도 언제든지 돈 뽑을 수 있지롱! 매일 매시간 감동을 주는 일본 하늘 사랑해 증말루...,일기장,2023.09.29.
계절의 끝에서,"이 사진 목표는 맑눈광이었는데 어떤가요? 어휴 일하기 싫어 ㅋㅋ 제 사진이 쫌 .. 많나요 ,.,.? 이제 끝.. 입니다 .. 살 진짜 왕창 쪄서 진짜 진짜 다시 수영 시작할고임 ㅜㅜ 티티 아이폰 15 프로 쫌 .. 예뿌다 ..? 솔직히 프로는 오버스펙이라 필요 없다구 생각했는데 흰 색이 .....",조각조각 모아서,2023.09.29.
심즈4 챗 GPT 커마 릴레이 챌린지!,보면서 맑눈광을 원하는 건가..? 싶다가도.. 흠..이걸 어떻게 해야 잘 만들 수 있을까 싶었어요. 그래서 적당한 심으로 불러와서 커마를 하기 시작했어요. 다른 건 크게 어렵지 않았는데 눈 빗는게 너무 어렵더라구요 크면서 동글동글..진짜 인가..? . 사실 머리도 자연...,It's you and me,2023.09.29.
Chapter 87. Either Way,흐린 바다 오랜만~ 개욱김 에이아이 미친아 나 쌍커풀 없다고 이거 넘 웃김 맑눈광이라 더 빠따로 다 때려빠뿔거같음 테니스뽀이 이러다가 합격 문자 보고 소리지름 저 취직 성공했어요... 원영아 성공했다 할무니집 살빼자 우식아 라고 하자마자 밥 먹긔 감자전 넘나 맛있음...,haus ig,2023.09.29.
#230927 홍대 인생케이크 <한땀> & 홍대 양식 맛집 <헤이죠지>,ㅠ 제가 이러고 살아요.. 생축해주러 바쁜 일정에도 시간 내준 뚜리랑 라미 정말 고마워 최고야ㅠㅠㅠㅠ 아.. 근데 뚜라미가 저 보고 맑눈광이래요..ㅋㅋㅋ 여러분도 그렇게 생각하세요..? 이날 같이 인생네컷 찍었는데 좀 그렇게 보이는 거 같기도 하고;;,Beyond Expectation,2023.09.29.
땡빈이 친구들 썬더,❤️ 그렇다 오늘은 선희의 생일파티를 위해 모였다 근데 밖에 나간 선희가 너무 안 들어와서 케이크 훼손한 이예X 공범 오예X (이새끼는 눈빛이 맑눈광 그자체임;) 오늘내로 선희 안 온다고 손사레 치는 중 한나 고민상담 시간인데 누가 f고 누가 t인지 무지 느껴지네 이 날 뭔...,주간 박정윤,2023.09.29.
[일상] 230921~230929 사랑하는 가족에게,ㅋㅋㅋㅋㅋㅋㅋㅋㅋㅋㅋㅋㅋㅋㅋㅋㅋㅋㅋㅋ 맑눈광 같다고 이야기했는데 자기가 맑눈광이라는 소리 많이 들어봤다고 그래서ㅋㅋㅋㅋㅋ ㅋㅋㅋㅋㅋㅋㅋㅋㅋㅋㅋㅋㅋㅋ친해지고 싶었다ㅋㅋㅋㅋㅋㅋ 이쯤되면 나 무슨 또라이+ 수집하는 사람 같음... 후 스터디 할...,말하는 대로 이루어지는 공간,2023.09.29.
십,생일선물 겸 출산선물 울 도원이 기저귀가방❤️ #고야드 #고야드생루이백 오빠한테 충성하겠습니다 낮에 푹~~자다가 밤 9시만되면 맑눈광 밤되야만 볼 수있는 도원이 땡그란 눈 터미타임하면서도 잠.. 트름하다가도 잠 도원이와 기범엉아 첫 만남 기범이가 사진찍어달라고...,reminiscent,2023.09.29.
즐추~ 9월 마무리,왜 9월인 거지 또 윤비 만남 윤비 키링 귀여워서 찍었더 헤헤 내가 만들어준 네잎클로버 감동적 원한다면 말하셈 님들도 만들어드림 수업 들으묜서 찍은 치이카와 맑눈광 이 날 구름이 너무 예뻤어 얘두라 힘든 날에는 그냥 고개 들어서 하늘 봐봐 기분이 좋아짐 이거 보고...,우다다닷,2023.09.29.
여름부터 초가을의 일기,나보고 맑눈광이라했다 ㅋㅋㅋㅋ 나 진짜 맑눈광 같나욥 …??? 흐으으음 ?! 가을 날씨 넘 좋구우 가을아 가지마 얼마전에 두루루랑 말하다가 성격이 바뀐것 같아서 다시 엠비티아이 검사해쓰나 여전히 똑같구 ; 그저 점점 E와 J의 수치만 낮아질뿐 ^..^ 그래서 이런거 막함 ;;...,나의 맛집 일기,2023.09.29.
"영화 1947 보스톤 정보 리뷰 쿠키 명대사, 맑눈광 미생 재질 임시완, 보스턴 마라톤 실화, 출연진 하정우...",- 맑눈광 임시완 또는 미생 재질 임시완을 좋아하는 분. - 신기한 TV 서프라이즈의 영화관 버전이 궁금한 분. - 오랜만에 부모님과 함께 영화관을 찾는 분. - 오랜만에 애국가를 따라 부르고 싶은 분. <1947 보스톤>은 맑눈광 임시완 또는 미생 재질 임시완을 좋아하는 분께...,영화多多,2023.09.29.
동아마라톤,"오 맑눈광 지또 머리 조신시대인줄 ㅎ 출발에 앞서 정말 많은 사람들로 비집고 들어갈 틈도 없어서 갈팡질팡 하다가 어딘가 결국 자리를 잡았고 마이크에 누군가 계속 얘기했는데 목소리가 박경림 같았는데 아니었음 근데 ""박보검씨~"" 뭐라뭐라 하던데 볼수가...",아무말 대잔치 지또의 하루,2023.09.29.
9월 24~25일 제주도 여행 part.5 샐리스호텔 온수풀 / 제주공항,여행의 마지막 장식은 바로 물놀이~~ 물놀이 후에 아이들이 밥먹으로 이동하기 어려울것 같아서 내가 클로이와 소람이랑 물놀이 해 줄동안 내 친구는 햄버거를 사러 나갔다~ 아이들 수영복을 입혀서 2층 발코니에 있는 온수풀로 고고~ 역시나 너무 좋아하는 아이들~~ ...,뮨정이의블로그,2023.09.29.
성수 연무장길 와인샵 와인보우 & 소품샵 구경,옆에 벽화 앞에서 고양이랑 같이 맑눈광 표정으로 사진 찍으면서 깔깔대다가 팝업 스토어랑 디올 성수랑 다른 소품샵도 구경하고 왔다. 너무 길어질 거 같아서 이번 포스팅은 여기에서 끊기로 하고 성수 나들이 포스팅은 다음에 계속..!,찌니의 하루,2023.09.29.
2023. 9월 2주(모두들 행복하길 바라),"나 맑눈광이야 ?_? ㅋㅋㅋㅋㅋㅋ 탁구 ,, 후 ,, 빵빠레 배달 나 떠난다 ~ 야근 잘해라~ 화욜 문화제 ., 답례품과 단체복 배달왔슴다..! 점심 !! 갱이랑 고치돈 + 녹차마루 오후에 14시부터 데이터기반행정 교육 듣다가 희0이랑 내려와서 사먹는데, 카드 안 먹혀서ㅋㅋㅋ 재무과...",dy_racheal님의블로그,2023.09.29.
이제는 양쪽눈 사시. 변성보다 더 싫은 사시,오른편은 정면을 보고있는 상태 인데 왼편이 외사시 왼편은 정면을 보는데 오른편이 외사시 황반 변성을 얻기 전후 동반되어 사시의 시작. 대인기피 오겟다.. 증말 나의..ㅠㅠ 맑눈광은 어디에 짝눈 이어도 사시는 아니었다 ㅠㅠㅠ 사시가되니 참 .. 병신처럼보임,탈모정복!!!!,2023.09.29.
천.고.마.비 하늘은 높고 마리가 살찌는 계절,ㅋㅋㅋㅋㅋㅋㅋㅋㅋ 맑눈광 도경수가 이렇게 개그캐일줄이야 … 중저음의 감미로운 목소리에 취하고 ~ 웃는 도경수 얼굴에 취하고 ~ 막내 귀여워하는 형아 모먼트에 취하고 ~ 갑자기 쇼츠에 등장한 nct 배기진스 때문에 내 알고리즘이 죄다 nct; 미친 것 같아 진짜...,왕이 될지어다,2023.09.29.
"고양이 무른변 잡는 유산균 츄르, 샤프리슈",맑눈광의 우리 디왕...ㅋㅋㅋ (샤프리슈에 미쳐버렸숴요) 빨리 나오라고 포장지까지 잘근잘근 우리 모카 ㅋㅋ 초점 나갔다고 대왕아 ㅋㅋㅋㅋ 너도 초점 나갔어 모카야 ㅋㅋㅋ 이로써 기호성은 아주 완벽하게 인정받았습니다 여러분 그거 아세요? 고양이들은 무언가를...,베지오프너 story,2023.09.29.
"[찐후기] 영어 왕초보였던 내가 빠르게 실력 올린 방법! - 동성로 기초영어, 더박스, 대구 영어 학원, 원어민...",맑눈광입니다. 오늘은 영어 초보자가 배울 수 있는 대구 영어 학원에 대해서 소개하려고 해요! 실제로 제가 다니고 있는 학원이랍니다. 6개월 이상 이곳에서 공부하면서 느낀 후기와 영어 실력에 대해서 상세하게 공유하려고 해요! 영어 초보자에서 지금 중급 실력까지...,귀여운 나에게 세상이 왜 이래,2023.09.29.
순천속눈썹펌 맛집 로운라인 정말 오랜만에 완전 맘에 들었다,복잡한 눈이다 증말 속눈썹 뿌리쪽은 바짝 잡아서 올려주고 끝라인은 눈 두덩이랑 멀어지게 올라가있음 이건 좀 맑눈광느낌인데 순천에도 속눈썹펌 하는곳 진짜 많거든 물론 내가 다 가본건 아니고 몇군데 다녀본 결과 진짜 잘 하는곳도 있긴 한데 그냥 저냥 하는 집도...,맛있게먹고.즐겁게.행복하게.,2023.09.29.
호주워홀) 얼렁뚱땅 시드니,간만에 데이오프 DFO 홈부쉬 갔다가 코스트코까지 (육개장 사발면 겟또다제) 피쉬마켓갔다가 마주친 펠리컨 생각보다 무서움 눈이 맑눈광 다가와서 먹이달라함 손 내밀면 입벌림 주의 룸미랑 피쉬마켓가서 먹은 점심 집이 코 앞인데 드디어 가봤네 피쉬앤 칩스는...,.,2023.09.29.
앞으로 갈 수 없을 땐 가만히 있어도 됩니다,"뮤지컬 <오즈> 공연 후기 0715 / 0819 / 0820 / 0905 / 0916 하 웬만하면 공연 본 순서대로 쓰려고 해왔는데 (그러기엔 너무 많이 밀려있지만) 오즈 섭종이 너무 섭섭해서요...그냥 먼저 써야겠다... SYNOPSIS 많은 일자리들이 인공지능으로 대체된 2045년, 사람 하나 없는 무인 VR기기...",말투가 왜 그래? 인터넷 많이 하는 사람같아,2023.09.29.
#정지,오늘자 동백 아 진짜 요즘 일 너무 힘든데 맑눈광 재만이… 다들 지쳐서 입에서 단내 나는데 이와중에 장난 ㅋㅋㅋ 진짜 긍정적인 녀석임 ㅎㅎ 곰이랑 운동 조카가 챙겨준 두부를 블랙곰이랑 운동 끝내고 먹음. 우리 집에와서 닭가슴살 먹겠다니 갑자기 종이가방에서 목살...,Les traces de la vie,2023.09.29.
아무거나 끄적-2,오란다 주문할 때가 됐네요.(한과처돌) 이 사진 신입생에게 술 권하는 고학번 맑눈광 선배 같다는데요. 뭔지 나도 알 거 같아서 반박 못한ㅋㅋㅋ. 손은 또 왜 저렇게 술잔처럼 잡았는지 몰겠습니다. 환절기에는 나무 가서 타코와사비로 코 뚫어줘야 함. 요새 몬스터헌터 과몰입...,오늘도 G1GACHAN 하루,2023.09.29.
두근두근 개강의 9월,꼭 그런 건 아닌데용 나 라이즈에게도 이렇게 주접대마왕주접 안 부리는데 너무 귀여워서 깜놀했습니다 볼 눌린 치이카와ㅜ 그리고 맑눈광 우사기!! 예!! 귀여운게 최고야 요즘 먼작귀녀석들이 너무 좋아요ㅜ.ㅜ 꼬리 확 빨아먹어버릴까요????? 호로록뇸뇸 달맞이흑두부!!...,일기짱,2023.09.29.
"일상 이야기 :: 그래, 뒤돌아보면 행복이였지",눈빛 완전 맑눈광 아닌가요? 원하는 원장님 대기시간이 너무 길어서 한참을 병원에서 기다렸으요 ㅜ 지루해서 병원 무서워하던 맘도 쏙 들어간 이딱지에오 오빠랑 울동네 족발맛집에서 족발+막국수시켜먹음ㅎㅎ 막국수랑 세트인거 모르고 추가로 시켜진걸 보고 내스스로...,먹잘알 직장인 일기장 :-),2023.09.29.
맑눈광 하야테,- 생방송에서 (사용가능/사용불가) / 유튜브에서 (사용가능/사용불가) *사용여부 체크해주세요 - 사용에 동의 해 주신 분들께 사용 전 댓글을 통해 사전에 알려드릴 예정입니다. 사람은 처음 그려봅니다 하하,에라이 월드 :: 팀 에라이 팬카페,2023.09.29.
로시의 주간일기 | 9월 첫째 주 | 첫 클라이밍 | 야구 직관 | 대가주점 조모임 | 황양최홍 다선 번개,웅쓰 주임님 진짜 맑눈광 그잡채 울 세븐틴 꽃청춘 간다는데요!!! 밍구가 여권 분실한 이슈ㅠㅠㅠ ㅇ하ㅣ이고 밍구야!!!!! 2023/09/09 Saturday 진짜 영상 취향이 흥선대원군 오로지 세븐틴만 봅니다 그리고 여러분 컬리 추천템으로 고래사 김치어묵우동? 춘천닭갈비 떡볶이? 저는...,Rothy’s Daily,2023.09.29.
버릇없게 말하는 초등학생의 심리상태,맑눈광이라는 단어도 그런 의미를 포함한다. 이 아이는 섬세한 면이 있어 깨지기 쉬운 멘탈이라 더 버릇없게 구는 것일지도 모른다.. 그것을 알기 때문에 어른들도 뭐라고 하지 않는다. 어른들은 좀 더 아이들을 포용할 필요가 있다. 이 아이는 그런 어른들의 보호 속에...,사람 알아가기,2023.09.28.
커피대신 홍차밀크티! 서울대음료로 유명한 “데자와”밀크티,모델해줘서 감사링ㅋ 데자와의 카페인을 먹으면 업무 효율이 늘어납니다(맑눈광) 분위기 있게 예쁜 잔에 한잔! 꼭 카페인이 필요해서 먹기보단 그냥 먹어도 맛있어요~ 어차피 매일 먹는 커피의 카페인. 오늘은 쓰지않는 맛있는 카페인이 먹고싶다면 당연히 데자와를 고르지...,지니 데일리 리뷰,2023.09.28.
https://m.blog.naver.com/e34123/223224093136,5번은 맞음 낭젊사 얀필도 팔드라 2개사면 연필 안깎아주시냐구요 ㅠㅠ 대구에서 좋아하는 술집중 하나 추석연휴라서 사람많을줄 알았는데 없어서 좋아따 ! 이런 장난감 리뷰 릴스 보는게 내 낛이다 핀터레스트에 이름+코어 쓰면 나오는 이미지가 나의 이미지라는데 ….,lilac,2023.09.28.
Seoul forest,너네도 추울 때는 움직이기 싫었던 거구나? 사슴들이랑 사진 찍어주기 나비원 들어가서 나비들 슉슉 피해다니기 ㅠㅋㅋㅋㅋ 무샤어!! 이거 왜 웃기지 맑눈광이세요 테니스 후 혼술로 끝나는 연휴 전 하루 알차게 놀았다 채연아 더 추워지기 전에 가자,Suhmas_bloggg,2023.09.28.
추석 기념 한복 무리 후기!!,칙칙(?) 귀염(??) 맑눈광 이런 느낌.. 무슨 한복으로 신청하지.. 고민만 89137510번 하다가 검은 두루마기에 슬랙스를 더한 코디가 서칭되어서 저렇게 신청했습니다 그리고 나서 휴일인데도 갑자기 일이 들어와서 바쁘게 업무 처리 중이었습니다 .. ( 연휴엔 쉽시다!! ) 그 런 데...,WTAC :: 닌텐도 동물의 숲 대표카페 [스위치/NDS/포켓캠프],2023.09.28.
정신실습#2] 남은건 국시뿐 !! 수고했어 우리✨,여기 넘 맛있어서 그 담날 남자친구 데리고 또 감 ㅎㅎ 그리고 요즘 핫템이라는 엘리베이터 네컷 찍을랬는데 줄이 넘 길어서 우리는 다른거 찍음 ㅎㅎ 귀여워우엉어어우어엉!! 송편을 먹엇다 이거야~~~~~~ 얘드라 우리 오래오래 보자 마지막은 나 ㅋ -끝-,⋆。˚ 쥬당탕탕 얼렁뚱땅⋆。˚,2023.09.28.
무기력증엔 여행이지,"1인과 맑눈광 1인 가끔 쌤들 덕에 웃어요,,,,, 일본 가기 전 날 야곱먹고 운동감 (*꒦ິㅿ꒦ີ) 복근이 다시 사라지는즁,, 혼자 야무지게 뱅기타고 간사이 공항 도착!! 내려서 입국심사하는데 20분 밖에 안걸림 개이덕 도착시간 6시반인데 왤케 깜깜한데; 하루카 타고 교토...",김히잡티의 잡다한 일상,2023.09.28.
무리 열어요 ❤️,"5분만 뽑습니다✨ 10시 마감 당첨 되시면 대댓 드려요 그림체 정해주세요 ❗️ 1. SD 그림체 [4일 걸림] 2.일반 그림체 [7일 걸림] 3.완전 삐까뻔쩍한 그림체 ✨[2주 이상] 거의 반무테 포즈 , 분위기 원하는거 말해주세요 ❤️",WTAC :: 닌텐도 동물의 숲 대표카페 [스위치/NDS/포켓캠프],2023.09.28.
가을에 쓰는 여름 일기(2),지현쓰....인생사진을 찍어주었어 무한 감사드립니다 맑눈광인 백설공주 언니랑도 찍었다 언니 좀 무서운걸요 저 멀리서 찍은 디즈니! 너무 예뻐서 카톡 배경화면 했지롱ㅎㅎㅎ 끝나고 지현이랑 저녁도 먹었다! 아니 여기 다 필요 없고 저기 저 카르보나라가 진짜 미쳤슴 진짜...,"나의 하나,둘,셋",2023.09.28.
전 블로그 챌린지 100번도 더 할 수 있어요! 이런 저 어때요? 누구에게 줄까 고민이실텐데 바로 저에게...,이번 주 텐션 죽임 맑눈광 나나박박 용포 배우(이자 아이돌이자 아나운서인) 정은님께 싸인받았다!! 저희 가게에 꼭 걸어둘게요~^^ 이번주 정냐말대로 악귀 낀 거 아닌가 싶다 다덜 추석 시작 잘해보자고!!!! 복 많이 받아보자고!!!!,금비은비동비,2023.09.28.
90년대 미국 졸업사진 Ai 이어북 (어플Apik) 미국 하이틴 프로필,저는 4~20명 사이 1 시간 안에 사진이 완성되었어요~ 60장의 사진이 나오는데 그중에 어색하고 안닮은 거 빼고 추려서 저장했어요 ㅎㅎ 스타일이 6가지로 10장씩 나와요 기본 스타일 가장 성공할 것 같은 st 가장 똑똑한 st 이거 약간 같다 .. ㅋㅋ 가장 운동을...,CICI♡ Freediving,2023.09.28.
"2023,06",앙녕?ㅎ 일상 가지고 왔다고 하기도 민망하긴 한딩 ㅎ 오랜마니야?ㅎㅎㅎㅎㅎ 내가 드디어 6월 일상을 썼다구 다덜 놀러오ㅓ~~~~ 06.01 옥토넛 그려달라는 하일이^^ ㅋㅋㅋㅋㅋㅋ하일아 이모 그림실력이 어때?^^ 유교 9년차실략 우떤데 ㅋ ㅋㅋㅋㅋㅋㅋㅋㅋㅋㅋㅋㅋㅋㅋㅋ...,시끌벅적 챈로그:-),2023.09.28.
[앨범]Good & Great - The 2nd Mini Album 언박싱,직장인버전에서 자근앙마가 된 기범이 맑눈광에서 흑화하기까지의 기범이 인생네컷장인인가? 왜이리 잘 찍음?? 다이어리 버전 오돌토돌하니 진짜 잘 뽑음 포카는 온 세상 색상을 다 먹은 복실이 기범이 나 복실이 왜 아샀지? 그나마 스토어에서 스트레스볼...,계란같은 윤지,2023.09.28.
life is 도르마무,미국인 광기 체험하고 온 날 맑눈광 언니랑 눈 마주쳤는데 끌고가더니 쓰러진 아저씨 일으켜주고 춤추게함 아.. ???: 옆차기는 나한테 하는거지? 시형이랑 민주 언제 나 빼구 엘에이에서 만났냐고 ㅋ 심슨아기! 저거 그냥 내꺼잖아 오른쪽 ㅠ아기 .. 정말 데려오구...,윤서,2023.09.28.
그동안 여름 일상,(ㅋㅋ 억울하게 ~ 휴무 못내서 하루만 갈수잇엇던 콘사트 것도 일 끝나고 가서 개 피곤한 상태로 맑눈광으로 쳐 봄 내가 내 돈 주고 편하게도 못보고 여러모로 좃갓앗지만 울 아과가 예뻐서 피로가 풀리는 하루엿어요 ㅠ 폰 바꾼것도 까먹고잇다가 프로에서 넘어온거 첨으로...,김먹구름 공간,2023.09.28.
9월도 잘 먹었다,K-디저트 볶음밥은 필수지 후식까지 야무져 이래서 몸무게 늘었구나^^ 그렇게 먹고 오후에는 김서녕이 만든 그릭요거트 먹기 다들 토핑 챙겨 온 거 너무 웃겨 난 집에서 사과잼 훔쳐오기ㅋ 맑눈광 그 자체 귀여운 자식 잠깐 비 그쳐서 얼른 산책하러 갔다 나는 산책 노예...,*•.˚｡@,2023.09.28.
맥도날드 진도대파크로켓버거 재출시를 기념하여 대파쿵야 팝업스토어 후기를 올려봅니다(맥도날드 피크닉...,풍미를 올려라~ 몸빼바지도 가볍게 소화하는 대파쿵야 저 맑눈광 어쩌면 좋지..? 오랜만에 재미있는 팝업스토어였네요 요즘 서울에 팝업스토어를 많이 하던데 중간고사 끝나면 팝업스토어 투어나 돌러 가려고요ㅎㅎ 힘겹게 버스에 타서 집으로 복귀 퇴근길이라 사람이 진짜...,김오리농장,2023.09.28.
헹복스냅 36. 깨끗하게 방 치웠을 때,home) 하단 ‘헹복제보’ 스토리 질문에 행복한 순간을 메시지로 적어주시면 헤히하가 따라헤헤헤~ #헹복스냅36 #헹복스냅 #헹복의발견 #헹복헤 #헤히하 #캐릭터 #일러스트 #맑눈광 #그림스타그램 #힐링 #일상툰 #청소 #heheeha #character #drawings #webtoon,헤히하하하하,2023.09.28.
뉴진스 버니니 인형 언박싱 2,킹받는 뉴진스 토끼 얼굴 파우치 얘도 이름이 버니니인지는 잘 모르겠다 완전 맑눈광 재질인데 와중에 무언가 미친 짓을 저지를 것 같은 비주얼이지만 한편으론 귀엽다 귀찮아서 바닥에 두고 찍었더니 나의 그림자가... 충동적인 지름 치고 잘 쓰고 있음 이것이야말로 쓸모가...,구운닭의 문화 일기,2023.09.28.
집사일기 - 바삭이 일기 54,"나원참 ,,, 맑눈광 ㅋㅋㅋㅋㅋㅋㅋㅋㅋㅋㅋㅋㅋㅋㅋㅋㅋ 좋아 ? 싫어 . 둘중에 하나만해. 아,,, 아빠 ,,,? 애미야 !! Help !!!!!!!!!!!!! 잡기놀이만 하면 난리가 나는 삭 한껏 놀다가 , 손붙잡고 그만하래 ;;;; 에바쓰 끝날때까지 끝난게 아녀 놀다가 안놀아주면 겁나 야림...",timelog,2023.09.28.
HAPPY BIRTHDAY TO ME ଘ(੭ˊᵕˋ)੭* ੈ✩‧₊˚,약간 맑눈광같은 우리 공주 슈로 마무리 ~ 요즘 되는 일 없고 심적으로 넘 힘들고 스트레스 받고 잠도 잘 못자서 체력적으로도 너무 힘들었는데 그럼에도 날 생각해주는 사람들이 있어 행복할 수 있었던 내 생일 주간 ❤︎ 생각지도 못한 축하도 선물도 많이 받고 생일 주간...,心淸事達,2023.09.28.
그대들 어떻게 ”우라“할 것인가,여튼 덕분에 맑눈광 소리 들으면서 살고 있어요 아빠 이렇게 프로그래밍된 뇌와 시시포스가 뭔 상관이냐면요 세상사 내가 생각하기 나름이다 걍 하삐하게 살자 행복회로 풀가동 시켜 즐겨 버텨 거친 정글에 뛰어든 건 나야 이정도면 아이트월킹라잌시시포스 결론) 하지만...,대충 살자,2023.09.28.
사죄일기,귀 여 워 새벽에 아영세상 단식 브이로그 첨 봤는데 뭔가 맑눈광 할 때는 몰랐는데 디게 매력있는 사람같다! 일단 3일 단식 브이로그 보면 다이어트 그런 거 다 떠나서 되게 의지를 같이 다지게 됨. 띠빠꺼 이것도 못해 내가? 이런 생각 들게하는 당신. 동기부여 학원 차리세요....,●,2023.09.28.
월간 생일_9월 일기,내 목보다 쟤가 더 어울리는 것 같아서 올려본 짤 ㅋㅋㅋㅋㅋㅋㅋㅋㅋ맑눈광☺️ 2차 대란 .. 다음날 출국이라 히진언니한테 제발 더 올 택배좀 넣어달라고 호소함 ㅠㅠㅠㅠ감사해요 언닠ㅋㅋㅋㅋ 아무튼 이번 생일은 정말 .. 너무 감사하고 과분했던 생일인 듯 하다 제가...,"노력없이 성과를 얻고싶다,,",2023.09.28.
일본 니코타마 나들이&쇼핑 레전드신기록,더워서 맑눈광 상태 졸리고 힘들어서 잠깐 휴식도 즐김. 일본 크리스피에는 벌써 할로윈 메뉴가 있었다. 내 사랑 내 삶의 근본 말차맛으로 시켰는데 배신당함. 충격적으로 맛없었다. 어떻게하면 말차가 맛없는거지. 걍 오리지널 먹을걸... 션이 선물 샀다!! 뮤츠는 진짜 인기...,焦らずだんだん進むこと,2023.09.28.
런다이어트캠프 재입소(D+20~21) - 배신자들의 모임 / B반 반 모임 / 레오쌤과 노아쌤 금품갈취(?)의 현장...,"1분 동안 운동하고 기록 나는 정인 언니랑 같이 운동했는데 이렇게나마 인사하고 친해져서 기뻤다 >< 민석쌤이 ""암워킹 20개 한 사람 있냐"", ""버피 30개 목표로 하자""라고 할 때마다 ""쿠폰 주나요?""라고 맑눈광으로 여쭤봤다 그리고 해냈습니다 6교시 : 파워댄스 6교시 하기 전에...",지또띠의 하루살이,2023.09.28.
다들 해피 추석 보내세요,없는 마니 콧물 엽떡 먹고 싶은데 추석 연휴라 다 못 먹고 얼려도 애매해서 고민하는데 밀키트 얘기해서 사다 하피볼 야쿨이랑 드디어 먹음 하피볼 자허블은 쓰던데 야쿨은 맛있슴! 얼렁뚱땅 트럭들 맑눈광 뒤에서 운전하면 절대 못 졸듯ㅋㅋㅋ 그럼 다들 추석 연휴 잘 보내세여,hyelog,2023.09.28.
맑눈광 오리에요,안녕하세요 맑은 눈의 광인 판다파우치 입니당♡,사랑해 공식 팬카페,2023.09.27.
시리안과 빅토리 만화,안녕하세요 ~ 유튭 팬치였다가 생방보고 왁물원 가입해서 첫 글로 만화를 그려왔습니당 재미있게 봐주셨으면 좋겠어요 재밌게 보셨으면 좋겠습니다 아카데미 응원합니다 다들 화이팅,왁물원 :: 종합 거시기 스트리머 우왁굳 팬카페,2023.09.27.
Hanging Out,입맛없어서 안먹으니까 저녁에 육비 3천원치 먹어도 배불렀음ㅋㅋㅋ #소식좌 맑눈광지나 이번엔 회전목마샷 쫌 건짐ㅋ 나모지 셀카~~ 이 날 얼굴 쫌 괜? 그리고 집에 오는 길에 출처는아마예준이프사미안예준아! 뻗음. 중학교 1학년 학생 10명이 지하철안에서 바닥에...,jinablog,2023.09.27.
네지레 채색중,"이 그림을 그릴 때 트레이싱이거나 구도, 포즈를 참고한 그림이 있나요? -> x 있다면 원본 이미지 및 출처를 남겨주세요 ->x 맑눈광ㄷㄷ 여러가지 채색법 시도해보고있어요b",그려봐요 메리마의 숲,2023.09.27.
영국 어학연수 생활,황희찬 맑눈광 렛츠고 은근할 것도 볼 것도 많았던 울버 갤러리 생각보다 넘 조아씀 갤러리에서 엽서 사서 애들한테 편지도 썼다 Pub night 내돈내산 펍나잇... 이게무슨 아무래도 우리 유학원에 삥 뜯긴 게 분명함 아 영국은 펍이 활성화되어 있는 것 같더라 가족 단위...,ᴀʀᴄʜɪᴠᴇ ʙ,2023.09.27.
도쿄인데 태국생각 또나는오늘,관광에 힘쓰고 외국인이 마음껏 마사지도받고 술도마시고 맛잉는겅도 먹을수잇는 태국이 그립네요 태국은 영어로 응대를하지만 여기선 그냥 계속 속사포일본어를 하니 돌지경입니다 못알알아들으면 맑눈광 ㅠ 혼여로는 일본이좋다라는말에 일본어하면을 전제로할게요,"태사랑- 태국,방콕,치앙마이,파타야,푸켓,카오산,동남아자유여행",2023.09.27.
9월달 블로그는 징짜 올려야징,겁내 맑눈광이니 무섭다느니 ㅇ래서 표정연습 영상봤는데 입꼬리가 무슨 사시나무마냥 달달떨려소 포기… 자는 떠유니 괴롭히깅 재미지다 ㅋㅎㅋㅎㅋㅎㅋㅎㅋㅎㅋㅎㅋㅎㅋㅎㅋㅎㅋㅎㅋㅋ 아 우리 빨리 릴스찍어서 반계정에 올려야대는뎅 쇠뎡아 빨리 올려봐 우리 겁내...,쁍,2023.09.27.
가발나라 앞머리가발 : 노앞머리에 얹어본 앞머리가발후기 입니다,(feat.세미맑눈광) 아무래도 머리를 높게 묶으면 경계가 뚜렷하게 보여서 아래쪽으로 내려 묶었는데 이렇게 하면 경계를 윗머리로 가릴 수 있어서 진심으로 푼 머리보다 묶은 게 훨씬 자연스러웠다. 아래 영상에서처럼 팁을 드리자면 앞머리가 없는 머리라도 머리끝에서 2cm...,하루하루,2023.09.27.
스타워즈 레고 : 스카이워커 사가 - 보이지않는 위협 (19),저 의미심장한 눈깔은 뭐지? 맑눈광... 탈출하며 다스몰과 싸우는 콰이곤. 그리고 추격에 실패한 다스몰. 은하계로 나왔을때 뭘하란건지 몰라서 당황하게 된다. 지도를 따로 펼치고 코러산트를 찍어주어야 한다. 코러산트에 도착. 여기서는 파드메를 조작하게 된다.,미래시의 변증법,2023.09.27.
모루인형 만들기 그리고 홍데이트,귀엽당 약간 맑눈광.. 예쁜 간판 (속닥)환승연ㅇ..ㅐ....현ㄱㅠ....? 홍대 이모저모 구경하면서 망원으로 넘어왔다 페리도트 망원 냠냠 굿~ 저녁 8시에 미리 예약하고 간 페리도트 가게가 크지 않고 테이블이 적어서 미리 예약하고 갔는데 조용하고 분위기가 좋아서 다행이었다!...,HE:ON,2023.09.27.
나.... 떨고 있니?..(feat. 경주월드),만난 맑눈광 나무 정각에 노래를 부른다는 말에 사진찍고 정각 기다리는중 정각이 다되어가니 코를 드릉드릉하는 맑눈광나무 나무에 정신팔린 잼민뚱냥 잼민이는 회전목마를 그냥 지나칠수없지! 집사가 탄 말 애들만 태우다가 집사 태우고 놀랬는지 얼굴이 시뻘게졌다...,뚱냥이 관찰일지,2023.09.27.
어우 이건…..,라니 쥰내 맑눈광인데요 ㅋㅋㅋㅋ,왁물원 :: 종합 거시기 스트리머 우왁굳 팬카페,2023.09.27.
그동안의 낙서... 그림...,"소드.... 켓.............(얘 왜이래 화보에서 그렸던 주카로커... 그거 찐사랑 확인법 커비... 학교에서 그렸던 소드켓... 그그. 3D그림판 로켓이.라는... 좀 오래전에 그렸던거... 컾프 느낌이넹 와 그동안 진짜 많이 그렸네.. 참 많다,, 응 공부하다 본 으로 ㅁㅂ",유닛이가 미쳤어요,2023.09.27.
[구디]크크다방_구로디지털단지역 커피 맛집,"저 양피쿵야는 볼때마다 넘 깜직하고 귀엽네요,,(와이프 닮았..맑눈광의 원조) 저는 주먹밥쿵야 키링이 갖고 싶더라고요 와이프는 이 못되게 생긴 녀석이 귀엽대요.. 취향이 독특한듯 모바일 폰게임으로도 너무 유명한 세븐나이츠 피규어들도 이쁘게 나열되어 있구요...",쭈&찌 맛집/카페 원정대,2023.09.27.
2023 월간 조저성 6월호,맑눈광 품절 아 품절이라고~~~ 국수 중독돼서 또 해먹었다!!! 김가루는 진짜 조미료다 김가루 진짜 다시다 김가루 완전 msg 짱 글고 김밥중독도 됐었고 물회중독도 됐었고 마파두부 중독도 됐었습니다~ 아아아니 마파두부 레시피 쥑이는 거 있음 이거 마켓컬리 두반장 후기에...,나 조저성,2023.09.27.
Goodbye Summer,"너무너무너무 아팠다 사실 빼는 순간은 하나도 안아팠는데, 이후 7일간 너무 아팠다 ㅠ 엄마아빠랑 살때 빼서 너무나 다행 혼자 빼러간다니까 따라가준 아빵고마웅 발발 떠니까 쥐어주신 맑눈광키티.. 어디서 사신건지 의사선생님이랑 계속 헛웃음때리다가 억지로 의자...",빈수레가 요란하다,2023.09.27.
[여의도 IFC] 맥도날드 파밭스토어,"여기 맥도날드 뭐 열렸나?""라고 궁금증 유발 효과도 있지 않았을까 싶네요 진도 대파와 콜라보한 상품답게 전면적으로 파와 관련된 게임과 소품이 많았습니다 -* 갱장히 큰 대파쿵야도 있었어요ㅎㅎ 맑눈광....쿵야.. 맥도날드 쿠션을 비롯해서 광고에 나온 소품과...",동글,2023.09.27.
10월 일상(스터디즈/동기청첩장/미라클모닝운동시작/대하/도혀니/장충동족발/건강한주말/영은데이트),무빙 마지막화! 빔프로젝터 연결해서 보기!!! 주말의 마무리~! 티비가 없는건 좀 좋다 동생이 사줬던 디저트 떡볶이는 혼자 먹지만 디저트는 사다주는 착한동생 동생이랑 보스턴시사회 임시완 다리 경련까지 연기라면 진짜 연기천재같다. 의 느낌 사이좋은 우리,승그니의 잘먹고 잘사는 일상,2023.09.27.
"[공공기관 홍보영상]수능은 교과서 위주로, 회사 생활은 고용노동부 홍보 영상으로!","그러나 회사는 ‘라떼 마시는 꼰대’와 ‘맑눈광 MZ’가 싸우는 전쟁터가 아닙니다. 세대 간 가치와 행동 방식의 차이는 ‘갈등’으로 풀 게 아니라 서로의 다름을 인정하고 개인에 대한 이해와 존중, 배려를 바탕으로 한 ‘소통’으로 풀어야 합니다. 물론, ‘소통’...",마제스타지,2023.09.27.
10217 안주희 구리의 일상,행복해하는구리 이쁜짓하는구리 밥먹는구리 자는구리 생각하는구리 부끄러운구리 멍때리는구리 l 축하하는구리 집가는구리 MZ구리 놀라는구리 땀흘리는구리 힘든구리 공부하는구리 커피먹는구리 아침에눈뜨는구리 다크서클심한구리 술마신구리 대답하는구리 구리,세원고 미술,2023.09.27.
중국 쪽은 우마 이렇게 얼굴 바꾸라고 하네,이쁘긴 하지만 뭔가 이상한데 추가),제5인격 공식 카페,2023.09.26.
상큼함 버리고 시크미 자랑하는 맑눈광 안유진 움짤,https://newsposts.kr/455840c/169563709962,성인들의 즐거움 ㆍ움짤ㆍ연애인ㆍ걸그룹ㆍ여캠등,2023.09.26.
상큼함 버리고 시크미 자랑하는 맑눈광 안유진 움짤,https://newsposts.kr/455840c/169563709962,노출카페(연예인노출/걸그룹/아이돌/은꼴사/움짤),2023.09.26.
상큼함 버리고 시크미 자랑하는 맑눈광 안유진 움짤,https://newsposts.kr/455840c/169563709962 #연예인움짤,연예인움짤 아이돌움짤,2023.09.26.
맑눈광,오전근무 스타뜨‼️ 맑은 눈의 광인 오전 급한 업무하고 큰딸 무릎이 자꾸 아프대서 병원 데려가야 하네용 귓구녕 막고 일의 능률 올려볼게용‼️,★카니발 공식동호회[카니발패밀리]KA4 페이스리프트 하이브리드,2023.09.26.
<포켓몬 도감> 40탄!!! ♀️(특별탄),"달콤한 향기가 나며 잘 튕기는 부드러운 몸은 한번 튀기 시작하면 멈추지 않는다. 타입,분류,특성 모두 같음 푸푸린 졸귀 근데 풍선..포켓몬이라는게 또 있네요..? 흔들풍선만 그런줄.. 사실 저는 푸린이 볼때마다 생각해요 얘가 의 원조 아닐까..하고 ㅋㅋㅋㅋㅋㅋ",포켓몬 유나이트 카페 : 포유카 Pokemon UNITE 롤,2023.09.26.
"✅ 23.09.25 챤클립 ( 아이네님 후기뱅, 징버거님 후기뱅, 고세구님 ) ✅",세구세구 : 챠니가 진짜 귀여운 점이 뭔지 알려줄까요? 맑눈광 쿵야세돌 모음에 좋아하시는 세구님 사진을 클릭하시면 이동합니다. + 혹시 저희가 미처 찾지 못한 클립이나 관련된다고 생각되는 클립이 있으면 제보해주세요. 추가하도록 하겠습니다.,왁물원 :: 종합 거시기 스트리머 우왁굳 팬카페,2023.09.26.
[름] [월부학교 라즈베리 토핑 올라 간 임장 8도비빔면 라린아이] 라씨가문 후예들의 마지막 반모임 후기,"안녕하세요 꿈을 그리며 닮아가는 아이, 그린아이, 아니 라린아이입니다. 지난 주 목요일, 월부학교 여름학기 8반의 마지막 반모임이 있었는데요 3개월이라는 시간이 이렇게 빨리 지나갈 줄 몰랐는데 벌써 아쉬운 마무리와 이별이 다가오고야 말았습니다 ㅠㅠ 마지막이어서...",월급쟁이부자들 (직장인 재테크 부동산 스터디 경매 파이어족),2023.09.25.
ㅋㅋㅋㅋㅋㅋㅋㅋㅋㅋㅋ맑눈광,저게 바로 그 맑눈광 쿵야 이네땅이근요 ㅋㅋㅋㅋㅋㅋㅋㅋㅋㅋㅋㅋㅋㅋㅋㅋᱍᱍᱍᱍᱍᱍᱍᱍᱍᱍᱍᱍᱍᱍ,왁물원 :: 종합 거시기 스트리머 우왁굳 팬카페,2023.09.25.
간만에 올리는 순덕이,"(넘 살찌고있어서 요새 살짝조절중) 간식 잘안주는데 밥을 너무 잘먹구 비글오빠 닮아가는지 미친체력 보여주는중입니다 제눈엔 맑눈광인데 남이볼땐 무섭나봐요 ~ 산책은 당분간 새벽, 야간에만 해야겠어요~",판도라&까발로 도베르만,2023.09.25.
마네킹 1/2이 졸눈인 사람,"에50파50 맑눈광st 장점 ♥ 금발,갈발,핑발에 잘 어울림 ♥ 일믹 벽안 렌즈 中 유일하게 밝은 톤 ♥ 웜,쿨 제약이 크지 않음 단점 ● 무채색 헤어에는 헤어랑 성형이 붕 떠버림 저는 후에 파랑비율을 더 높여주려구요ㅋㅋㅋ 파72보28 장점 ♥ 졸눈 中 커믹렌 티가 많이 나는...",메이플스토리M 유저 커뮤니티 카페,2023.09.25.
맑눈광두 ㅋㅋㅋㅋㅋㅋㅋㅋ,댕웃기네 ㅋㅋㅋㅋ,왁물원 :: 종합 거시기 스트리머 우왁굳 팬카페,2023.09.25.
택배는몽골몽골 내 몸도 몽골로 택배보내파요,"그리고 이 형님들을 쥐락펴락하는 맑눈광 = 맑은 눈의 광인강훈과의 캐미 장난 아니더라고요.보고 있으면 강훈이 육아를 당하는 게 아니라 형님들 조련하는 거 같기도 하고 ㅎㅎ 다시 한동안 몽골앓이 할 것만 같네요. 뻥뚫린자연과 내츄럴 여행기 택배는 몽골몽골, 지금...",유감군 - 유머감각있군(친목/영화/드라마/연예인/다이어트),2023.09.25.
수경끈과 코걸이의 중요성,ㅠㅠ 멀쩡한 수경 버릴뻔했는데 카페 덕분에 살았네요 감사합니다 근데 모델은 잘못 골랐는지 눈알이 다 비치고 뭔가 확대되어보여요...살짝 맑눈광재질ㅋㅋㅋ 그래서 강습때는 못 쓰고 자유수영때 아무도 나한테 말 안 걸었으면 좋겠을때 쓰고있어요,"수영 코디카페 SHC(수영배우기,수영복,수경,수모,아레나,졸린)",2023.09.25.
[ 체험단 | 후기 - ③ ] 샥즈 오픈핏 OPENFIT -- 외전 !!!,늘 에어팟 끼고 일하는 - 맑눈광 이아영 인턴 젊은 꼰대 - 주현영 대리 그냥 - 정상훈 과장 SHC 인기멤버 - 고수 과장 영업팀 교육 담당 - 정우성 부장 SHC 미국 지사 - 다니엘 헤니 차장 오픈핏은 착용한 채로 귀를 팔 수 있습니다. 물론 내 욕하는 것도 들을 수 있습니다....,"수영 코디카페 SHC(수영배우기,수영복,수경,수모,아레나,졸린)",2023.09.25.
게임중독자가 된 캐릭터,홈파열고 미니게임 앉혀놓고 잠들었는데 갈치님께서 찍어주신 캐릭텈ㅋㅋㅋㅋㅋㅋㅋㅋㅋㅋ 뭔가 맑눈광 게임중독자 같아요 ㅋㅋㅋ ㄱㅇㅇ,플레이투게더 공식카페,2023.09.25.
"230924 타비후기 : 왜요의 악마, 사이버펑크",사펑은 전에 한 번 해봤던 영향도 있겠지만 새삼 스토리의 큰 줄기를 안 놓치고 이해하면서 진행한다 싶더라 역시 문학소녀 최고 캬 암튼 너무 재밌었고 내일 또 보자구 바이뿡빵띠~ ૮⑅ᐡ•ﻌ•ᐡა 부끄가 2배 / 키모가 2배 미니타비를 찾아라 / 왜요의 악마 빨딱...,스텔라이브,2023.09.25.
✅ 23.09.24 챤클립 1 ( 세구님 후기뱅 ) ✅,형을 계속 뚫어져라 쳐다보신 세구님 이세돌을 꼬옥 안아주신 세구님 초시계챤 맑눈광네를 보신 세구님 : 이거 멤버들 다 만들어줘!!! : 이거 진짜 멤버들 다 만들어줘!!! 형에게 민수행동하신 세구님 : 왁굳님께서 나량 챠니 못 맞추고 있을 때 뚫어지게 쳐다보시다 보니...,왁물원 :: 종합 거시기 스트리머 우왁굳 팬카페,2023.09.24.
[해리포터 관련] 팬픽 추천해주세요,"혹시 해머분들은 해리포터 팬픽 자주 읽으시나요? 저는 자주 읽는데, 요즘 읽을 팬픽이....(아는걸 다 읽어버렸어요...) 혹시 팬픽 추천 해주실 수 있을까요? P.S. 요거는 [해리포터 관련] 요거 붙이는 것 맞죠?",해리포터와 머글들의 이야기,2023.09.24.
맑눈광 이건가요,?,왁물원 :: 종합 거시기 스트리머 우왁굳 팬카페,2023.09.24.
세굳형 아잉네 맑눈광 가져왔어,이거 맞아?,왁물원 :: 종합 거시기 스트리머 우왁굳 팬카페,2023.09.24.
ㅃ 랜덤통화하는 친구 옆에서 그 쪽도 홍박사님 아쉐요오~?랑 문재인이랑 이랑 도라에몽 성대모사 했더니 성대모사 듣자마자 상대방들 다 나갔데요,어째서죠 선생님들?,제5인격 공식 카페,2023.09.24.
다시시작,맑눈광으로 밤새리라,한국꼬똥켄넬,2023.09.24.
"기억해,,2022년 7월 4일,, 엥크레에 들어온 순간,,,✨",Story 맑눈광 김아영 차세대 YG걸그룹 베이비몬스터 겉바속촉 아이돌 몬스타엑스 'SEVEN'으로 돌아온 정국 저는 달고나 스토리 라인을 진행하면서 강조자막을 직접 제작한게 가장 기억에 남습니다 평소에 예능을볼때도 자막이 한 몫을 크게 한다고 생각을했어서 최대한...,[엔터테인먼트 클럽] 엥크레,2023.09.23.
맑눈광,걍 돌아다니는짤인데 식빵이 합성해봤고든요.. 혼자 웃음..특히 저 사진이 맑눈광처럼 나와서,"햄사모 - 햄스터를 사랑하는 모임, 햄스터 다람쥐 저빌 무료분양",2023.09.23.
비챤 진짜 맑눈광 같이 그려져서 넘 귀여워요 ㅋㅋㅠㅠ,레쟌도 귀여움,왁물원 :: 종합 거시기 스트리머 우왁굳 팬카페,2023.09.23.
9/23 - 수업모습,오늘은 민지쌤의 맑눈광 수업을 스타트로!! 눈을 말똥하게 뜨라고 쌤들이 항상 이야기하죠!! 거울을 보면서 연습해 봅시다 ㅎㅎ 지원동기 자기소개 등 기본 질문은 다 완성시켰으니 본격적으로 다양한 답변을 준비해 볼까요 ㅎㅎㅎ 몇번이나 다시 쓰게해도 열심히 따라와주는...,크루쉽스터디센터학원,2023.09.23.
내용 수정) 내일 같이보기는 11시 30분! 뱅온은 11시!,빡센 케이스에선 게임 화면 내에서 바이비를 할수도?!?) 고거 한가지는 양해 부탁드리겠읍니다 홍홍 다들 내일 재미있는 애니메이션 같이보기와 맑눈광 현실부정중인 주인공과 함께 해주시라에요~!! 과연 오야붕을 만날 수 있을 것인가...!!!!! 코노 오레가 찾아가보겠읍니닷...,이비의 목장,2023.09.23.
